商品,日期,总库存,增持/减持,总价值
黄金,2025/7/11,947.64,-1.17,102117657934.13
黄金,2025/7/10,948.81,1.44,101006467271.89
黄金,2025/7/9,947.37,0.86,100475780662.79
黄金,2025/7/8,946.51,-1.15,100829974404.46
黄金,2025/7/2,947.66,-0.57,101597088424.68
黄金,2025/7/1,948.23,-4.3,102065136577.81
黄金,2025/6/30,952.53,-2.29,100644114369.24
黄金,2025/6/27,954.82,1.43,100407751225.74
黄金,2025/6/25,953.39,-2.29,101684585258.39
黄金,2025/6/24,955.68,-1.72,101446346643.86
黄金,2025/6/23,957.4,7.16,104032517481.67
黄金,2025/6/20,950.24,2.87,102881439131.05
黄金,2025/6/18,947.37,1.43,103281506635.35
黄金,2025/6/17,945.94,4.01,103033627144.41
黄金,2025/6/16,941.93,1.44,102874736564.63
黄金,2025/6/13,940.49,2.58,103863080624.26
黄金,2025/6/12,937.91,3.72,102254006159.12
黄金,2025/6/11,934.19,-1.72,99995692490.02
黄金,2025/6/10,935.91,-0.31,100421610863.21
黄金,2025/6/9,936.22,2.01,99868864976.74
黄金,2025/6/6,934.21,-1.44,100276779331.94
黄金,2025/6/3,935.65,2.58,100279072087.13
黄金,2025/6/2,933.07,2.87,100002482566.52
黄金,2025/5/29,930.2,4.59,99032160812.83
黄金,2025/5/28,925.61,3.15,98201075445.86
黄金,2025/5/23,922.46,-1.43,99111543049.12
黄金,2025/5/22,923.89,4.01,97524530935.04
黄金,2025/5/21,919.88,-1.72,97564687738.94
黄金,2025/5/20,921.6,0.57,96619320970.7
黄金,2025/5/19,921.03,2.3,95630441596.67
黄金,2025/5/16,918.73,-8.89,94001163288.72
黄金,2025/5/15,927.62,-8.89,95153276358.32
黄金,2025/5/13,936.51,-2.58,97178252440.75
黄金,2025/5/12,939.09,1.15,97672045916.78
黄金,2025/5/9,937.94,-1.74,100244401709.59
黄金,2025/5/8,939.68,2.01,101237102752.71
黄金,2025/5/7,937.67,-0.29,102226262210.54
黄金,2025/5/6,937.96,-1.43,102234529328.01
黄金,2025/5/5,939.39,-4.87,98110801650.51
黄金,2025/5/2,944.26,-1.15,98623321456.48
黄金,2025/5/1,945.41,1.15,97681902197.7
黄金,2025/4/30,944.26,-2.87,100214764735.18
黄金,2025/4/29,947.13,0.86,100611638946.88
黄金,2025/4/25,946.27,-2.29,99680361662.65
黄金,2025/4/24,948.56,-0.58,101065302247.75
黄金,2025/4/23,949.14,1.44,99546818566.36
黄金,2025/4/22,947.7,-11.47,104595605890.86
黄金,2025/4/21,959.17,6.88,101918823488.27
黄金,2025/4/17,952.29,-4.88,101191784432.25
黄金,2025/4/16,957.17,4.02,102241899199.05
黄金,2025/4/11,953.15,3.44,98986818489.46
黄金,2025/4/10,949.71,12.62,95963281407.56
黄金,2025/4/9,937.09,11.17,92650872248.25
黄金,2025/4/8,925.92,-0.86,89728361163.7
黄金,2025/4/7,926.78,-6.02,89793393960.18
黄金,2025/4/4,932.8,-3.44,91572310498.66
黄金,2025/4/3,936.24,4.3,93825761624.39
黄金,2025/4/2,931.94,0.57,93444907118.78
黄金,2025/4/1,931.37,-2.01,93806115024.82
黄金,2025/3/31,933.38,1.44,93451271551.85
黄金,2025/3/28,931.94,2.29,92007288210.41
黄金,2025/3/27,929.65,0.29,91331844607.69
黄金,2025/3/25,929.36,0.29,90368909601.32
黄金,2025/3/24,929.07,-1.44,89820757009.98
黄金,2025/3/21,930.51,20.08,90140421031.29
黄金,2025/3/20,910.43,1.15,88911389860.3
黄金,2025/3/19,909.28,2.01,88490395178.96
黄金,2025/3/17,907.27,0.86,87391145248.87
黄金,2025/3/14,906.41,0.6,86773420202.34
黄金,2025/3/13,905.81,7.17,86575473419.13
黄金,2025/3/12,898.64,3.44,84467676395.74
黄金,2025/3/11,895.2,3.45,83917490783.5
黄金,2025/3/10,891.75,-2.59,83403449727.91
黄金,2025/3/7,894.34,-4.3,84250198132.32
黄金,2025/3/6,898.64,-1.72,84398110184.49
黄金,2025/3/5,900.36,-1.44,84301690684.77
黄金,2025/3/4,901.8,0.87,84223879702.93
黄金,2025/3/3,900.93,-3.45,83414442713.14
黄金,2025/2/28,904.38,-1.72,82394162386.91
黄金,2025/2/27,906.1,-0.86,83899312839.36
黄金,2025/2/26,906.96,-0.86,84568985244.07
黄金,2025/2/25,907.82,0.29,85591491518.24
黄金,2025/2/24,907.53,3.15,85525978545.76
黄金,2025/2/21,904.38,20.66,85296675781.3
黄金,2025/2/20,883.72,5.74,83288903591.26
黄金,2025/2/19,877.98,8.04,82884291439.75
黄金,2025/2/18,869.94,6.88,81853820471.69
黄金,2025/2/14,863.06,-1.14,81046908690.36
黄金,2025/2/13,864.2,-2.3,80990288215.8
黄金,2025/2/12,866.5,-5.44,80543323144.76
黄金,2025/2/11,871.94,0.86,81133761463.01
黄金,2025/2/10,871.08,2.58,81307959795.69
黄金,2025/2/7,868.5,4.31,80237308762.62
黄金,2025/2/5,864.19,1.14,79743930699.05
黄金,2025/2/4,863.05,-2.58,78872992529.71
黄金,2025/2/3,865.63,0.86,78624358590.45
黄金,2025/1/31,864.77,0.58,78158065340.11
黄金,2025/1/30,864.19,-1.15,77417962845.54
黄金,2025/1/29,865.34,4.3,76660615513.44
黄金,2025/1/28,861.04,4.02,76158122925.55
黄金,2025/1/27,857.02,-3.16,75541667527.89
黄金,2025/1/24,860.18,-4.01,76773907619.37
黄金,2025/1/23,864.19,-5.17,76229116641.72
黄金,2025/1/22,869.36,-2.3,76896840697.24
黄金,2025/1/21,871.66,-7.46,76708503056.87
黄金,2025/1/17,879.12,10.34,76704749977.69
黄金,2025/1/16,868.78,-3.74,75839778640.46
黄金,2025/1/14,872.52,-2.01,74778773570.17
黄金,2025/1/13,874.53,-2.29,75022188374.5
黄金,2025/1/10,876.82,5.74,75727797720.12
黄金,2025/1/3,871.08,-1.44,74098968972.93
黄金,2024/12/27,872.52,-0.28,73361353321.92
黄金,2024/12/26,872.8,-1.15,73324570248.05
黄金,2024/12/23,873.95,-3.45,73424900507.33
黄金,2024/12/20,877.4,16.66,73791629376.55
黄金,2024/12/19,860.74,-3.16,71727299403.23
黄金,2024/12/18,863.9,-0.29,73191243516.08
黄金,2024/12/16,864.19,0.29,73732583251.83
黄金,2024/12/13,863.9,-4.6,73845215597.52
黄金,2024/12/12,868.5,-4.88,74945274611.33
黄金,2024/12/11,873.38,2.59,75959906756.35
黄金,2024/12/9,870.79,-1.15,74797460111.36
黄金,2024/12/5,871.94,-1.72,73984645877.22
黄金,2024/12/3,873.66,-2.3,74146580792.14
黄金,2024/12/2,875.96,-2.59,74384698489.1
黄金,2024/11/27,878.55,-0.86,74571642524.31
黄金,2024/11/25,879.41,1.44,74492337573.36
黄金,2024/11/21,877.97,2.58,75217980902.48
黄金,2024/11/20,875.39,3.16,74300705814.27
黄金,2024/11/19,872.23,0.58,73546737752.78
黄金,2024/11/18,871.65,1.72,73040892634.41
黄金,2024/11/15,869.93,2.56,71918505890.87
黄金,2024/11/14,867.37,-1.15,71556289098.17
黄金,2024/11/13,868.52,-2.01,72530116583.27
黄金,2024/11/12,870.53,-1.44,72925624468.36
黄金,2024/11/11,871.97,-4.88,73548623492.35
黄金,2024/11/8,876.85,-3.74,75835124390.92
黄金,2024/11/7,880.59,-2.87,76183149663.9
黄金,2024/11/6,883.46,-3.45,75529378122.42
黄金,2024/11/5,886.91,-1.72,78173254308.1
黄金,2024/11/1,888.63,-3.16,78378676453.5
黄金,2024/10/31,891.79,-0.86,78367356067.35
黄金,2024/10/30,892.65,2.87,79696720123.86
黄金,2024/10/29,889.78,-1.72,79193548444.46
黄金,2024/10/28,891.5,1.72,78563969846.38
黄金,2024/10/25,889.78,-4.02,78118495087.56
黄金,2024/10/23,893.8,-1.44,78617147098.37
黄金,2024/10/22,895.24,6.61,78745843310.49
黄金,2024/10/18,888.63,4.04,77482137818.25
黄金,2024/10/15,884.59,4.02,75304227091.36
黄金,2024/10/14,880.57,2.59,75128042626.21
黄金,2024/10/11,877.98,1.72,74737562940.25
黄金,2024/10/4,876.26,-1.15,74631646375.55
黄金,2024/10/3,877.41,2.59,74662704480.72
黄金,2024/10/1,874.82,2.88,75003881360.21
黄金,2024/9/27,871.94,-5.18,74600863600.97
黄金,2024/9/24,877.12,1.73,74315674335.06
黄金,2024/9/20,875.39,1.43,73325592265.84
黄金,2024/9/19,873.96,1.73,72348983085.14
黄金,2024/9/16,872.23,1.72,72451127554.51
黄金,2024/9/13,870.51,-0.27,72061124288.45
黄金,2024/9/12,870.78,4.6,71245812025.53
黄金,2024/9/11,866.18,1.72,69806302382.89
黄金,2024/9/10,864.46,1.72,69627707194.03
黄金,2024/8/30,862.74,5.47,69692622762.67
黄金,2024/8/29,857.27,1.15,69382913350.49
黄金,2024/8/23,856.12,-1.73,69104420051.11
黄金,2024/8/22,857.85,1.15,68466678651.47
黄金,2024/8/21,856.7,-0.57,68787394962.14
黄金,2024/8/20,857.27,-1.73,69710806089.41
黄金,2024/8/19,859,4.03,68879738699.32
黄金,2024/8/16,854.97,7.19,68318621522.68
黄金,2024/8/15,847.78,2.02,66677753482.77
黄金,2024/8/13,845.76,-4.03,67175349339.83
黄金,2024/8/12,849.79,2.88,66930414211.71
黄金,2024/8/8,846.91,2.87,65633908453.71
黄金,2024/8/7,844.04,-4.02,65113179282.67
黄金,2024/8/6,848.06,3.16,65318253537.43
黄金,2024/8/5,844.9,-0.57,65001895836.39
黄金,2024/8/1,845.47,-0.58,66699069939.63
黄金,2024/7/31,846.05,2.88,65976750629.8
黄金,2024/7/26,843.17,-2.02,64666187627.94
黄金,2024/7/25,845.19,3.45,64226234100.81
黄金,2024/7/23,841.74,1.73,65018059643.76
黄金,2024/7/18,840.01,-2.01,66527612619.95
黄金,2024/7/16,842.02,5.49,66130878150.17
黄金,2024/7/15,836.53,1.44,65089376482.39
黄金,2024/7/11,835.09,1.72,64656720573.6
黄金,2024/7/9,833.37,-1.44,63417869321.7
黄金,2024/7/3,834.81,1.44,63355736368.71
黄金,2024/7/2,833.37,5.76,62454141954.27
黄金,2024/7/1,827.61,-1.44,61952993938.66
黄金,2024/6/24,829.05,-2.88,62056109858.99
黄金,2024/6/21,831.93,-1.72,62442061225.72
黄金,2024/6/20,833.65,8.34,63015924409.28
黄金,2024/6/14,825.31,-4.03,61827959709.86
黄金,2024/6/13,829.34,-1.44,61584943569.85
黄金,2024/6/11,830.78,-4.89,61845425554.05
黄金,2024/6/7,835.67,-1.44,62059294413.55
黄金,2024/6/6,837.11,3.46,63507166820.9
黄金,2024/6/5,833.65,1.44,62694996495.29
黄金,2024/5/24,832.21,-1.15,62665876988.31
黄金,2024/5/23,833.36,-5.18,63145792187.59
黄金,2024/5/17,838.54,5.18,64762597523.4
黄金,2024/5/15,833.36,1.43,63155430391.31
黄金,2024/5/10,831.93,1.46,63449673638.49
黄金,2024/5/7,830.47,-1.72,61908877382.18
黄金,2024/5/6,832.19,1.72,61365444370.38
黄金,2024/5/3,830.47,0.87,61240049918.25
黄金,2024/5/2,829.6,-1.44,61027649090.21
黄金,2024/5/1,831.04,-1.15,61494935125.44
黄金,2024/4/26,832.19,-2.59,62673866595.88
黄金,2024/4/25,834.78,1.15,62214857155.76
黄金,2024/4/23,833.63,1.72,62391692956.04
黄金,2024/4/19,831.91,4.32,63635899213.88
黄金,2024/4/17,827.59,-2.59,63590251648.78
黄金,2024/4/16,830.18,1.73,63224233294.46
黄金,2024/4/15,828.45,1.73,62428787142.95
黄金,2024/4/12,826.72,-4.03,63823698919.89
黄金,2024/4/11,830.75,2.3,62643898025.63
黄金,2024/4/10,828.45,-0.26,62133932486.73
黄金,2024/4/9,828.71,0.86,62750083820.77
黄金,2024/4/8,827.85,1.44,61731150705.18
黄金,2024/4/5,826.41,-6.04,61049198858.24
黄金,2024/4/4,832.45,1.72,61361569033.33
黄金,2024/4/3,830.73,1.73,60878283854.95
黄金,2024/4/2,829,2.02,60335173277.62
黄金,2024/4/1,826.98,-3.17,58855679197.47
黄金,2024/3/26,830.15,-5.18,58162904565.81
黄金,2024/3/22,835.33,-3.17,58308497879.45
黄金,2024/3/20,838.5,1.15,58149482756.06
黄金,2024/3/19,837.35,4.03,58001564290.69
黄金,2024/3/18,833.32,1.48,57809935664.72
黄金,2024/3/15,831.84,14.98,57833679442.74
黄金,2024/3/13,816.86,1.73,56923234160.85
黄金,2024/3/8,815.13,-1.44,56879249374.21
黄金,2024/3/7,816.57,-0.87,56514396891.03
黄金,2024/3/6,817.44,-4.03,56296256707.55
黄金,2024/3/4,821.47,-2.3,55392084839.99
黄金,2024/3/1,823.77,0.86,54271401150.25
黄金,2024/2/29,822.91,-2.59,54168745292.82
黄金,2024/2/28,825.5,-1.44,53926003356.52
黄金,2024/2/27,826.94,-0.87,54089831731.45
黄金,2024/2/22,827.81,-2.01,53855227622.85
黄金,2024/2/21,829.82,-6.34,54060403728.48
黄金,2024/2/20,836.16,-1.73,54537136494.82
黄金,2024/2/16,837.89,0.58,53811765504.58
黄金,2024/2/15,837.31,-1.73,53940904492.92
黄金,2024/2/14,839.04,-1.44,53541671106.18
黄金,2024/2/13,840.48,-1.44,53931435725.82
黄金,2024/2/9,841.92,-1.74,54767943500.25
黄金,2024/2/8,843.66,1.44,55001950441.25
黄金,2024/2/7,842.22,-5.47,55259255965.5
黄金,2024/2/6,847.69,-4.04,55324836914.87
黄金,2024/2/1,851.73,0.58,56003361985.81
黄金,2024/1/31,851.15,-1.73,56168572507.94
黄金,2024/1/30,852.88,-2.01,56003620014.29
黄金,2024/1/29,854.89,-1.16,55571888117.5
黄金,2024/1/26,856.05,-2.88,55537188267.65
黄金,2024/1/22,858.93,-2.02,55813611591.56
黄金,2024/1/19,860.95,-1.15,56138933641.37
黄金,2024/1/17,862.1,-2.3,55749684582.5
黄金,2024/1/16,864.4,0.56,56633102491.36
黄金,2024/1/11,863.84,-1.15,56329602882.63
黄金,2024/1/10,864.99,-4.61,56340071619.09
黄金,2024/1/5,869.6,-4.61,57469841522.73
黄金,2024/1/3,874.21,-4.33,57375455252.27
黄金,2024/1/2,878.54,-0.57,58378790116.1
黄金,2023/12/29,879.11,-1.44,58274098894.92
黄金,2023/12/28,880.55,-1.16,58823269882.27
黄金,2023/12/27,881.71,3.46,58645828354.72
黄金,2023/12/20,878.25,0.58,57464327959.95
黄金,2023/12/19,877.67,-2.02,57590888824.76
黄金,2023/12/15,879.69,2.02,57469877869.92
黄金,2023/12/14,877.67,-0.29,57728057692.77
黄金,2023/12/13,877.96,2.31,55952400518.04
黄金,2023/12/12,875.65,-2.89,55759556442.75
黄金,2023/12/11,878.54,-2.01,56107594158.38
黄金,2023/12/7,880.55,-0.28,57378475008.3
黄金,2023/12/5,880.83,-0.29,57279194221.8
黄金,2023/12/4,881.12,2.3,58026629634.72
黄金,2023/12/1,878.82,2.31,57773443106.38
黄金,2023/11/30,876.51,-2.02,57341989574.23
黄金,2023/11/29,878.53,-2.02,57799522026.02
黄金,2023/11/28,880.55,-1.73,57329972428.16
黄金,2023/11/22,882.28,-1.15,56649286513.08
黄金,2023/11/17,883.43,12.98,56257794140.27
黄金,2023/11/13,870.45,2.3,54037199888.73
黄金,2023/11/10,868.15,0.87,54188806717.83
黄金,2023/11/8,867.28,-0.29,54629531267.42
黄金,2023/11/6,867.57,4.33,55335013782.77
黄金,2023/11/3,863.24,1.73,55334170891.32
黄金,2023/11/1,861.51,2.02,55000053722.43
黄金,2023/10/30,859.49,-2.31,55183197460.2
黄金,2023/10/25,861.8,1.73,54938174285.04
黄金,2023/10/23,860.07,-3.17,54544196691.54
黄金,2023/10/20,863.24,15,55177458273.1
黄金,2023/10/18,848.24,-7.21,53325151466.27
黄金,2023/10/16,855.45,-6.92,52744252674.51
黄金,2023/10/11,862.37,0.86,51876485798.83
黄金,2023/10/10,861.51,-0.3,51430282273.38
黄金,2023/10/9,861.81,-4.04,51112202280.34
黄金,2023/10/6,865.85,-1.73,50632511626.21
黄金,2023/10/5,867.58,-1.73,50730147092.78
黄金,2023/10/4,869.31,-4.04,50817985825.65
黄金,2023/10/3,873.35,-1.73,51153026163.75
黄金,2023/10/2,875.08,1.44,51553240919.82
黄金,2023/9/27,873.64,0.87,52994880035.33
黄金,2023/9/26,872.77,-3.75,53497132302.35
黄金,2023/9/25,876.52,-0.87,54229325085.18
黄金,2023/9/22,877.39,-1.44,54355202193.72
黄金,2023/9/21,878.83,0.58,54096246168.34
黄金,2023/9/20,878.25,-0.58,54861818559.28
黄金,2023/9/19,878.83,-1.44,54659720797.39
黄金,2023/9/15,880.27,0.57,54548094086.76
黄金,2023/9/14,879.7,-2.31,53778975546.76
黄金,2023/9/13,882.01,-2.88,54262424470.91
黄金,2023/9/11,884.89,-1.75,54758395093.95
黄金,2023/9/6,886.64,-3.17,54768031519.59
黄金,2023/9/5,889.81,-1.16,55080670915.21
黄金,2023/9/1,890.97,0.87,55568514605.23
黄金,2023/8/30,890.1,0.87,55716035165.75
黄金,2023/8/29,889.23,2.59,55160678845.05
黄金,2023/8/28,886.64,2.6,54586757250.92
黄金,2023/8/24,884.04,-0.87,54473224160.05
黄金,2023/8/22,884.91,-4.32,53836440304.21
黄金,2023/8/21,889.23,-0.87,54017596466.6
黄金,2023/8/18,890.1,2.6,54182168909.73
黄金,2023/8/17,887.5,-6.93,54100205820.87
黄金,2023/8/15,894.43,-1.44,54739462359.14
黄金,2023/8/14,895.87,-3.76,54825529351.34
黄金,2023/8/11,899.63,-3.75,55405570988.5
黄金,2023/8/9,903.38,-0.31,55839804459.57
黄金,2023/8/7,903.69,-2.31,56101068756.94
黄金,2023/8/3,906,-3.18,56362038987.62
黄金,2023/8/1,909.18,-3.75,56898535137.53
黄金,2023/7/28,912.93,-2.89,57342949702.51
黄金,2023/7/27,915.82,-1.44,57262931536.55
黄金,2023/7/26,917.26,-1.74,57971686654.83
黄金,2023/7/21,919,5.2,57915963626.7
黄金,2023/7/19,913.8,1.73,58022958684.97
黄金,2023/7/18,912.07,-0.86,57903299125.5
黄金,2023/7/17,912.93,-1.73,57213408051.36
黄金,2023/7/12,914.66,-0.29,57433961754.12
黄金,2023/7/11,914.95,-0.31,56883514088.02
黄金,2023/7/7,915.26,-2.6,56543176964.71
黄金,2023/7/5,917.86,-4.04,56774398293.02
黄金,2023/6/30,921.9,-2.6,56660165903.82
黄金,2023/6/29,924.5,-2.31,56444589971.97
黄金,2023/6/28,926.81,1.15,56848543838.11
黄金,2023/6/26,925.66,-1.44,57210440450.36
黄金,2023/6/23,927.1,-2.6,57534105845.45
黄金,2023/6/22,929.7,-2.6,57377761447.63
黄金,2023/6/21,932.3,-1.73,57706721076.84
黄金,2023/6/16,934.03,4.33,58841244178.06
黄金,2023/6/14,929.7,-1.74,58451453648.75
黄金,2023/6/12,931.44,-0.32,58474875145.19
黄金,2023/6/9,931.76,-2.89,58698484066.45
黄金,2023/6/7,934.65,-3.46,59093695287.28
黄金,2023/6/6,938.11,-1.45,59008987762.56
黄金,2023/6/5,939.56,1.45,59173028940.58
黄金,2023/6/1,938.11,-1.45,59527986149.69
黄金,2023/5/30,939.56,-1.73,58959434427.4
黄金,2023/5/23,941.29,-2.6,59579692072.35
黄金,2023/5/22,943.89,1.15,59778363912.2
黄金,2023/5/19,942.74,5.78,59443411831.97
黄金,2023/5/17,936.96,2.02,59465835190.37
黄金,2023/5/16,934.94,0.87,60331541907.61
黄金,2023/5/15,934.07,-3.47,60650142318.52
黄金,2023/5/12,937.54,-0.3,60877329602.97
黄金,2023/5/11,937.84,-1.15,60758894741.8
黄金,2023/5/10,938.99,4.04,61474498545.9
黄金,2023/5/9,934.95,-2.6,61001279530.92
黄金,2023/5/8,937.55,5.78,60290026060.84
黄金,2023/5/5,931.77,1.73,59920179648.84
黄金,2023/5/4,930.04,1.74,61117479368.36
黄金,2023/5/2,928.3,3.47,59533418762.43
黄金,2023/5/1,924.83,-1.45,58929497431.15
黄金,2023/4/27,926.28,-3.76,59116511231.54
黄金,2023/4/25,930.04,2.61,59410006631.44
黄金,2023/4/24,927.43,3.75,58970123277.67
黄金,2023/4/21,923.68,-2.89,58597960616.1
黄金,2023/4/19,926.57,2.31,59286117037.11
黄金,2023/4/18,924.26,-1.44,59401765107.05
黄金,2023/4/17,925.7,-2.02,59380735085.55
黄金,2023/4/14,927.72,-2.89,60223900833
黄金,2023/4/13,930.61,-3.47,61281415456.51
黄金,2023/4/12,934.08,1.15,60301763123.52
黄金,2023/4/11,932.93,-0.29,60062799356.69
黄金,2023/4/10,933.22,2.31,60039454329.23
黄金,2023/4/5,930.91,0.87,60760358756.65
黄金,2023/4/3,930.04,2.02,59283223322.66
黄金,2023/3/31,928.02,-1.45,59048716551.79
黄金,2023/3/29,929.47,1.74,58702729337.66
黄金,2023/3/28,927.73,3.76,58529654211.78
黄金,2023/3/24,923.97,-1.45,59214461168
黄金,2023/3/23,925.42,2.31,58836191533.37
黄金,2023/3/21,923.11,-1.44,57935053773.64
黄金,2023/3/20,924.55,3.47,58527310285.88
黄金,2023/3/17,921.08,6.36,58094840005.13
黄金,2023/3/15,914.72,1.45,56556674051.51
黄金,2023/3/13,913.27,11.85,56113214297.58
黄金,2023/3/11,901.42,-1.73,53935965571.43
黄金,2023/3/9,903.15,-3.47,53173617068.2
黄金,2023/3/7,906.62,-5.5,53237727329.21
黄金,2023/3/3,912.12,-0.57,53973913278.22
黄金,2023/3/1,912.69,-2.61,54012266091.82
黄金,2023/2/28,915.3,-2.31,53676964926.62
黄金,2023/2/27,917.61,0.29,53637736599.7
黄金,2023/2/23,917.32,-1.74,53841416154.59
黄金,2023/2/22,919.06,-0.86,54230504275.05
黄金,2023/2/17,919.92,-1.16,54231448860.77
黄金,2023/2/15,921.08,0.29,54219415496.55
黄金,2023/2/9,920.79,-0.31,55624045816.37
黄金,2023/2/8,921.1,0.28,55433642331.4
黄金,2023/2/7,920.82,2.9,55359103803.9
黄金,2023/2/6,917.92,-2.32,55260988697.56
黄金,2023/2/2,920.24,1.74,56834779356.8
黄金,2023/2/1,918.5,1.44,56853671185.33
黄金,2023/1/30,917.06,-1.44,56712281550.57
黄金,2023/1/27,918.5,-0.87,56772620882.99
黄金,2023/1/25,919.37,2.03,57056609171.99
黄金,2023/1/24,917.34,0.28,56635108285.66
黄金,2023/1/20,917.06,4.63,56742084525.86
黄金,2023/1/19,912.43,1.45,56271404518.1
黄金,2023/1/18,910.98,1.74,56244292162.88
黄金,2023/1/17,909.24,-2.9,55935999180.4
黄金,2023/1/12,912.14,-0.29,55200654421.4
黄金,2023/1/11,912.43,-1.74,54902036405.71
黄金,2023/1/10,914.17,-1.16,55192314008.86
黄金,2023/1/6,915.33,-1.44,54036549225.64
黄金,2023/1/4,916.77,-0.87,54723911935.78
黄金,2022/12/30,917.64,-0.87,53452541892.01
黄金,2022/12/27,918.51,5.5,53063396747.57
黄金,2022/12/23,913.01,-0.87,52747964048.65
黄金,2022/12/20,913.88,1.74,53284684328.08
黄金,2022/12/19,912.14,1.73,52506561063.49
黄金,2022/12/16,910.41,-3.47,52459527663.48
黄金,2022/12/15,913.88,2.32,52395829486.37
黄金,2022/12/14,911.56,-1.16,52981665847.74
黄金,2022/12/13,912.72,2.31,53504392346.53
黄金,2022/12/9,910.41,2.32,52568937950.94
黄金,2022/12/7,908.09,2.03,52029080802.08
黄金,2022/12/6,906.06,2.6,51668851422.38
黄金,2022/12/5,903.46,-2.03,51607988678.98
黄金,2022/12/2,905.49,-1.15,51940350497.89
黄金,2022/12/1,906.64,-1.45,52543712010.55
黄金,2022/11/28,908.09,-0.87,50976824614.38
黄金,2022/11/25,908.96,2.03,51182158557.24
黄金,2022/11/22,906.93,0.87,50810184159.58
黄金,2022/11/21,906.06,1.44,50687787699.12
黄金,2022/11/18,904.62,-1.73,50934206288.71
黄金,2022/11/16,906.35,1.73,51656751390.21
黄金,2022/11/15,904.62,-5.79,51510304758.02
黄金,2022/11/14,910.41,0.29,51768931658.63
黄金,2022/11/11,910.12,-1.45,51474716789.76
黄金,2022/11/10,911.57,3.19,51129276869.12
黄金,2022/11/8,908.38,2.89,49021251901.98
黄金,2022/11/7,905.49,-1.47,48874252856.38
黄金,2022/11/4,906.96,-4.63,48805701682.64
黄金,2022/11/3,911.59,-7.53,47717709822.36
黄金,2022/11/1,919.12,-1.45,48600593099.58
黄金,2022/10/31,920.57,-2.02,48492728917.36
黄金,2022/10/28,922.59,-2.61,48869588876.56
黄金,2022/10/27,925.2,-3.19,49356248593.49
黄金,2022/10/24,928.39,0.29,49211465376.71
黄金,2022/10/21,928.1,-2.89,49021672951.24
黄金,2022/10/20,930.99,-1.74,48937249387.96
黄金,2022/10/19,932.73,-6.08,48921186529.65
黄金,2022/10/18,938.81,-0.29,49883690855.62
黄金,2022/10/17,939.1,-2.03,50254397401.63
黄金,2022/10/14,941.13,-3.18,49897060766.44
黄金,2022/10/13,944.31,-1.16,50030110991.56
黄金,2022/10/12,945.47,1.16,50777519160.44
黄金,2022/10/7,944.31,-2.03,51492284335.28
黄金,2022/10/5,946.34,1.71,51736340038.81
黄金,2022/10/4,944.63,1.74,52061872903.75
黄金,2022/10/3,942.89,3.19,50558500003.11
黄金,2022/9/30,939.7,-1.45,50490459555.74
黄金,2022/9/29,941.15,0.29,50055970051.38
黄金,2022/9/27,940.86,-2.61,49421537442.86
黄金,2022/9/26,943.47,-3.76,49833584305.1
黄金,2022/9/23,947.23,-2.9,50040287292.55
黄金,2022/9/22,950.13,-2.03,51058411174.18
黄金,2022/9/21,952.16,-1.16,51164909511.04
黄金,2022/9/20,953.32,-4.63,50994812408.19
黄金,2022/9/19,957.95,-2.9,51258771943.07
黄金,2022/9/16,960.85,-1.16,51415510012.45
黄金,2022/9/15,962.01,1.45,52234322279.54
黄金,2022/9/14,960.56,-2.32,52613295465.54
黄金,2022/9/13,962.88,-2.03,52770253286.68
黄金,2022/9/12,964.91,-1.73,53550533651.1
黄金,2022/9/9,966.64,-1.51,53244754649.26
黄金,2022/9/8,968.15,-2.9,53183117160.82
黄金,2022/9/6,971.05,-2.03,53132778624.21
黄金,2022/9/2,973.08,-0.29,53555871066.58
黄金,2022/8/31,973.37,-2.89,53679394337.92
黄金,2022/8/30,976.26,-4.35,54291824426.49
黄金,2022/8/29,980.61,-3.77,55194723323.71
黄金,2022/8/23,984.38,-3.18,55261715798.52
黄金,2022/8/22,987.56,-1.45,55019031183.52
黄金,2022/8/19,989.01,3.18,55658059606.7
黄金,2022/8/18,985.83,-3.18,55948319779.65
黄金,2022/8/17,989.01,-3.19,56182357257.23
黄金,2022/8/16,992.2,-1.74,56608138811.69
黄金,2022/8/15,993.94,-2.03,56763909041.59
黄金,2022/8/12,995.97,-1.45,57378000044.86
黄金,2022/8/10,997.42,-1.74,57557357005.35
黄金,2022/8/5,999.16,-1.16,56960557996.91
黄金,2022/8/4,1000.32,-0.33,57347285275.28
黄金,2022/8/3,1000.65,-2.32,56641737921.25
黄金,2022/8/2,1002.97,-2.9,57370226776.68
黄金,2022/7/29,1005.87,0.58,56686432771.53
黄金,2022/7/25,1005.29,-0.58,55541130078.94
黄金,2022/7/20,1005.87,-3.19,55265767731.68
黄金,2022/7/18,1009.06,-5.22,55758540730.14
黄金,2022/7/15,1014.28,-2.61,55628110670.07
黄金,2022/7/14,1016.89,-2.9,55593665355.92
黄金,2022/7/13,1019.79,-1.74,56536411381.16
黄金,2022/7/12,1021.53,-1.74,56833825916.9
黄金,2022/7/8,1023.27,-1.16,57179866265
黄金,2022/7/6,1024.43,-7.61,57776210273.89
黄金,2022/7/5,1032.04,-9.86,58772986385.38
黄金,2022/7/1,1041.9,-8.41,60189776059.47
黄金,2022/6/30,1050.31,-2.32,61336555691.8
黄金,2022/6/29,1052.63,-3.77,61498124584.75
黄金,2022/6/27,1056.4,-4.64,62010173677.79
黄金,2022/6/24,1061.04,-2.03,62255646880.24
黄金,2022/6/23,1063.07,-8.7,62937702185.86
黄金,2022/6/22,1071.77,-2.03,63451853675.81
黄金,2022/6/21,1073.8,-1.74,63517519104.38
黄金,2022/6/17,1075.54,11.6,63668206717.23
黄金,2022/6/14,1063.94,-4.93,62188142220.44
黄金,2022/6/10,1068.87,3.48,62881188090.36
黄金,2022/6/8,1065.39,2.32,63463909072.69
黄金,2022/6/6,1063.07,-2.97,63130540930.65
黄金,2022/6/2,1066.04,-1.16,63209509088.06
黄金,2022/6/1,1067.2,-1.16,63279020750.9
黄金,2022/5/31,1068.36,-1.45,63135571110.5
黄金,2022/5/25,1069.81,1.74,63517849748.09
黄金,2022/5/23,1068.07,4.64,63724937682.6
黄金,2022/5/20,1063.43,7.25,62697831185.71
黄金,2022/5/19,1056.18,6.97,62603613732.8
黄金,2022/5/17,1049.21,-4.07,61551261260.33
黄金,2022/5/16,1053.28,-2.61,61265355573.9
黄金,2022/5/13,1055.89,-4.93,61488866902.11
黄金,2022/5/12,1060.82,-5.8,62646507737.71
黄金,2022/5/11,1066.62,-2.03,63500866898.66
黄金,2022/5/10,1068.65,-7.25,63808019111.91
黄金,2022/5/9,1075.9,-6.1,64364647909.91
黄金,2022/5/6,1082,-2.98,65477504484.82
黄金,2022/5/5,1084.98,-4.06,65983342336.09
黄金,2022/5/3,1089.04,-3.19,65440600409.83
黄金,2022/5/2,1092.23,-2.32,67094018009.62
黄金,2022/4/29,1094.55,-1.17,67238867995.14
黄金,2022/4/27,1095.72,-5.51,66413334168.78
黄金,2022/4/25,1101.23,-2.9,67074801912.6
黄金,2022/4/21,1104.13,-2.61,68983391181.76
黄金,2022/4/19,1106.74,6.38,69870449803.52
黄金,2022/4/18,1100.36,0.87,69441543941.8
黄金,2022/4/14,1099.49,-4.93,69389633207.38
黄金,2022/4/13,1104.42,11.32,70181168664.03
黄金,2022/4/12,1093.1,2.61,68903801345.14
黄金,2022/4/8,1090.49,3.19,68060205965.91
黄金,2022/4/5,1087.3,-2.68,67955795933.56
黄金,2022/4/4,1089.98,-1.75,67619813134.58
黄金,2022/4/1,1091.73,0.29,67698525529.51
黄金,2022/3/29,1091.44,-1.74,67001992221.16
黄金,2022/3/25,1093.18,5.52,68651351197.07
黄金,2022/3/23,1087.66,4.06,67535328733.49
黄金,2022/3/21,1083.6,1.16,67399363279.67
黄金,2022/3/18,1082.44,9,67355439050.53
黄金,2022/3/17,1073.44,2.91,67274072501.03
黄金,2022/3/16,1070.53,8.7,65838275192.19
黄金,2022/3/15,1061.83,-2.32,65318647194.47
黄金,2022/3/11,1064.15,2.61,67690053030.89
黄金,2022/3/10,1061.54,-1.74,68135484178.73
黄金,2022/3/9,1063.28,-4.06,67984824194.61
黄金,2022/3/8,1067.34,4.64,69966433009.94
黄金,2022/3/7,1062.7,8.42,67677575749.63
黄金,2022/3/4,1054.28,4.06,65935119964.86
黄金,2022/3/2,1050.22,7.84,65096906997.42
黄金,2022/3/1,1042.38,13.36,64393710400.89
黄金,2022/2/28,1029.02,2.03,63167104232.14
黄金,2022/2/25,1026.99,-2.33,62217236705.27
黄金,2022/2/23,1029.32,5.23,63017945607.19
黄金,2022/2/18,1024.09,4.65,62335826784.14
黄金,2022/2/11,1019.44,3.48,60010776971.8
黄金,2022/2/8,1015.96,4.36,59528301037.5
黄金,2022/2/4,1011.6,-3.24,58693436510.41
黄金,2022/2/3,1014.84,-1.75,58471055525.34
黄金,2022/2/2,1016.59,-1.45,58930026699.61
黄金,2022/2/1,1018.04,0.29,58890505757.91
黄金,2022/1/31,1017.75,3.49,58723825030.58
黄金,2022/1/26,1014.26,1.16,59853068778.78
黄金,2022/1/25,1013.1,4.65,60154838260.82
黄金,2022/1/21,1008.45,27.59,59566931212.54
黄金,2022/1/20,980.86,-0.58,58181641551.81
黄金,2022/1/19,981.44,5.23,57636149512.03
黄金,2022/1/11,976.21,-0.87,56701610878.65
黄金,2022/1/7,977.08,-1.75,56308630186.03
黄金,2022/1/6,978.83,-1.16,56307431690.59
黄金,2022/1/5,979.99,-0.32,57537531637.33
黄金,2022/1/4,980.31,4.65,57070119553.26
黄金,2021/12/28,975.66,2.03,56265178432.55
黄金,2021/12/22,973.63,-4.94,56106762220.19
黄金,2021/12/17,978.57,0.87,56863368704.46
黄金,2021/12/15,977.7,-2.9,55586448011.63
黄金,2021/12/14,980.6,-2.04,56012399158.48
黄金,2021/12/6,982.64,-1.74,56188826061.33
黄金,2021/12/3,984.38,-1.79,55939080652.78
黄金,2021/12/2,986.17,-4.65,55941422691.36
黄金,2021/12/1,990.82,-2.03,56978415926.57
黄金,2021/11/26,992.85,1.74,57467279623.23
黄金,2021/11/23,991.11,6.11,56996958671.65
黄金,2021/11/19,985,8.13,58926964728.63
黄金,2021/11/17,976.87,0.88,58560592999.57
黄金,2021/11/11,975.99,0.58,58292491720.02
黄金,2021/11/4,975.41,-2.66,56325643045.61
黄金,2021/11/3,978.07,-1.45,55432290693.27
黄金,2021/11/1,979.52,-2.62,56471732008.04
黄金,2021/10/28,982.14,-0.87,56931387044.23
黄金,2021/10/27,983.01,3.2,56721847916.45
黄金,2021/10/26,979.81,1.74,56232300985.33
黄金,2021/10/21,978.07,-2.03,55938723930.1
黄金,2021/10/15,980.1,-2.62,55849285647.74
黄金,2021/10/13,982.72,-2.33,56411994822.96
黄金,2021/10/8,985.05,-1.49,56154333140.23
黄金,2021/10/1,986.54,-3.49,55711095537.06
黄金,2021/9/28,990.03,-0.29,55168422659.6
黄金,2021/9/27,990.32,-3.2,55871385774.68
黄金,2021/9/24,993.52,0.87,55782258435.76
黄金,2021/9/23,992.65,-8.14,55835992353.23
黄金,2021/9/21,1000.79,-0.87,57082155820.06
黄金,2021/9/17,1001.66,1.74,56538640073.45
黄金,2021/9/16,999.92,1.46,56183543951.17
黄金,2021/9/15,998.46,-1.75,57675402500.7
黄金,2021/9/13,1000.21,2.04,57679417552.57
黄金,2021/9/9,998.17,-0.35,57383181393.21
黄金,2021/9/2,998.52,-1.74,58167747145.78
黄金,2021/8/31,1000.26,-1.46,58344712230.19
黄金,2021/8/25,1001.72,-2.91,57591206681.65
黄金,2021/8/24,1004.63,-2.03,58397078472.14
黄金,2021/8/23,1006.66,-4.95,58307381757.46
黄金,2021/8/20,1011.61,-3.49,57849424644.17
黄金,2021/8/18,1015.1,-2.04,58194008968.67
黄金,2021/8/17,1017.14,-3.49,58507648336.69
黄金,2021/8/16,1020.63,-1.16,58607452191.27
黄金,2021/8/13,1021.79,-1.75,58265572694.57
黄金,2021/8/9,1023.54,-1.75,57215890571.43
黄金,2021/8/6,1025.29,-2.32,58108185120.8
黄金,2021/8/5,1027.61,-0.36,59491292855.46
黄金,2021/8/3,1027.97,-1.74,59885903440.11
黄金,2021/8/2,1029.71,-1.75,59948593579.59
黄金,2021/7/29,1031.46,5.82,60644884289.07
黄金,2021/7/26,1025.64,-1.74,59344928390.03
黄金,2021/7/23,1027.38,-1.17,59428133542.27
黄金,2021/7/16,1028.55,-5.82,60316890393.33
黄金,2021/7/14,1034.37,-2.91,60623086693.79
黄金,2021/7/12,1037.28,-2.91,59767873750.7
黄金,2021/7/8,1040.19,-0.29,60449942488.48
黄金,2021/7/7,1040.48,-1.75,60365493478.19
黄金,2021/7/6,1042.23,-0.35,60641742350.88
黄金,2021/7/2,1042.58,-0.58,59849955540.68
黄金,2021/7/1,1043.16,-2.62,59728093086.37
黄金,2021/6/28,1045.78,2.91,59839768549.63
黄金,2021/6/24,1042.87,-3.78,59828311234.51
黄金,2021/6/23,1046.65,-2.91,60273305932.78
黄金,2021/6/21,1049.56,-3.5,59883858097.3
黄金,2021/6/18,1053.06,11.07,60019202490.59
黄金,2021/6/17,1041.99,-3.79,59576726896.97
黄金,2021/6/16,1045.78,1.17,62552595887.23
黄金,2021/6/10,1044.61,1.45,63424085288.76
黄金,2021/6/9,1043.16,5.83,63535925602.11
黄金,2021/6/7,1037.33,-5.83,62975780556.03
黄金,2021/6/4,1043.16,1.41,63405247016.1
黄金,2021/6/2,1041.75,-4.08,63707364079.91
黄金,2021/6/1,1045.83,2.62,63843155327.1
黄金,2021/5/28,1043.21,-0.87,63706019312.34
黄金,2021/5/26,1044.08,-2.04,63754070038.44
黄金,2021/5/24,1046.12,3.2,63220761466.15
黄金,2021/5/21,1042.92,5.83,62886665678.09
黄金,2021/5/20,1037.09,5.82,62616053432.14
黄金,2021/5/19,1031.27,-4.66,62601496572.53
黄金,2021/5/17,1035.93,7.57,61728423893.46
黄金,2021/5/14,1028.36,4.08,60763317288.32
黄金,2021/5/13,1024.28,-0.87,59986208845.53
黄金,2021/5/7,1025.15,5.82,60527517242.81
黄金,2021/5/5,1019.33,1.13,58405286813.76
黄金,2021/5/3,1018.2,1.16,57845162534.75
黄金,2021/4/29,1017.04,-4.66,57617979535.97
黄金,2021/4/19,1021.7,2.04,58277792986.84
黄金,2021/4/16,1019.66,-3.2,58161709883.81
黄金,2021/4/14,1022.86,-3.21,57066561466.2
黄金,2021/4/8,1026.07,-2.62,57907307889.2
黄金,2021/4/7,1028.69,-0.36,57478829255.21
黄金,2021/4/6,1029.05,-3.78,57697818917.19
黄金,2021/4/1,1032.83,-4.67,57295807179.94
黄金,2021/3/29,1037.5,0.88,56885949624.63
黄金,2021/3/26,1036.62,-6.41,57701425282.79
黄金,2021/3/24,1043.03,-2.33,58016087870.13
黄金,2021/3/23,1045.36,-6.42,58001921619.58
黄金,2021/3/19,1051.78,3.5,58664670915.55
黄金,2021/3/17,1048.28,-2.04,58283781005.27
黄金,2021/3/15,1050.32,-1.75,58195905880.41
黄金,2021/3/12,1052.07,-3.2,57657119419.74
黄金,2021/3/11,1055.27,-4.96,58493389780.35
黄金,2021/3/10,1060.23,-1.75,58494322943.58
黄金,2021/3/9,1061.98,-1.46,58615364331.17
黄金,2021/3/8,1063.44,-5.82,57675870808.91
黄金,2021/3/5,1069.26,-9.04,58310266664.61
黄金,2021/3/4,1078.3,-4.08,59353213570.49
黄金,2021/3/3,1082.38,-4.74,59554147177.2
黄金,2021/3/2,1087.12,2.62,60230545824.29
黄金,2021/3/1,1084.5,-9.04,60444935191.78
黄金,2021/2/26,1093.54,-6.7,61256665605.28
黄金,2021/2/25,1100.24,-6.12,62934804674.81
黄金,2021/2/24,1106.36,-4.08,63582799511.26
黄金,2021/2/23,1110.44,-4.96,64234048399.39
黄金,2021/2/22,1115.4,-12.24,64801231961.7
黄金,2021/2/19,1127.64,-5.25,64744495895.07
黄金,2021/2/17,1132.89,-3.79,64846957419.71
黄金,2021/2/16,1136.68,-5.54,65559852393.42
黄金,2021/2/11,1142.22,-4.38,67566831123.66
黄金,2021/2/10,1146.6,-1.74,67920322622.1
黄金,2021/2/9,1148.34,-4.09,67912103250.83
黄金,2021/2/8,1152.43,-4.08,67993110048.1
黄金,2021/2/5,1156.51,-3.33,67035185740.44
黄金,2021/2/4,1159.84,2.34,66569153723.78
黄金,2021/2/1,1157.5,-2.63,69304845246.09
黄金,2021/1/29,1160.13,-4.67,69496027528.82
黄金,2021/1/28,1164.8,-4.37,69398145906.71
黄金,2021/1/27,1169.17,-3.21,69257396108.69
黄金,2021/1/26,1172.38,-0.87,69960860828.77
黄金,2021/1/22,1173.25,-0.88,69869036714.99
黄金,2021/1/19,1174.13,-3.5,69243967030.84
黄金,2021/1/15,1177.63,16.63,69616262052.39
黄金,2021/1/14,1161,-10.21,68736719043.1
黄金,2021/1/13,1171.21,-10.5,69985857816.86
黄金,2021/1/11,1181.71,-0.4,70174197141.97
黄金,2021/1/7,1182.11,-4.67,72946035265.4
黄金,2021/1/5,1186.78,-1.17,74008417577.59
黄金,2021/1/4,1187.95,17.21,74190870491.8
黄金,2020/12/31,1170.74,0.88,71157721250.97
黄金,2020/12/28,1169.86,2.33,70409136206.2
黄金,2020/12/22,1167.53,-2.33,70444049622.54
黄金,2020/12/21,1169.86,2.04,70694751353.94
黄金,2020/12/17,1167.82,-2.33,70978031637.49
黄金,2020/12/15,1170.15,-1.17,69612834814
黄金,2020/12/14,1171.32,-4.67,68948685657.56
黄金,2020/12/11,1175.99,-3.79,69636032820.57
黄金,2020/12/7,1179.78,-2.92,70544602956.46
黄金,2020/12/4,1182.7,-7.12,70076877122.12
黄金,2020/12/3,1189.82,-1.46,70067918465.32
黄金,2020/12/1,1191.28,-3.5,69328106012.04
黄金,2020/11/25,1194.78,-4.96,69515345595.01
黄金,2020/11/24,1199.74,-13.43,69395965430.3
黄金,2020/11/23,1213.17,-7,71757010228.12
黄金,2020/11/20,1220.17,2.92,73566447258.66
黄金,2020/11/19,1217.25,-1.75,72673112981.62
黄金,2020/11/18,1219,-7.3,73513328371.03
黄金,2020/11/17,1226.3,-8.02,74464808721.66
黄金,2020/11/13,1234.32,-5.25,75002372613.63
黄金,2020/11/12,1239.57,-1.17,74682934416.82
黄金,2020/11/11,1240.74,-9.05,74199640406.06
黄金,2020/11/9,1249.79,-10.51,74997790179.36
黄金,2020/11/6,1260.3,7.88,78609369247.8
黄金,2020/11/4,1252.42,-3.5,76482486879.02
黄金,2020/11/2,1255.92,-1.75,76284273418.46
黄金,2020/10/30,1257.67,-0.58,76067691780.4
黄金,2020/10/28,1258.25,-8.47,75623273656.32
黄金,2020/10/27,1266.72,2.92,77589024702.02
黄金,2020/10/23,1263.8,-1.75,77330257612.56
黄金,2020/10/22,1265.55,-3.8,77328451256.63
黄金,2020/10/21,1269.35,-0.58,78508060517.52
黄金,2020/10/20,1269.93,-2.92,77493681434.3
黄金,2020/10/19,1272.85,0.29,77967368425.39
黄金,2020/10/16,1272.56,-3.5,77929541481.81
黄金,2020/10/15,1276.06,-1.88,77605480872.89
黄金,2020/10/14,1277.94,0.29,78440855396.66
黄金,2020/10/12,1277.65,6.13,79059286105.33
黄金,2020/10/6,1271.52,-4.08,78190195775.81
黄金,2020/10/2,1275.6,-0.59,78020622965.94
黄金,2020/10/1,1276.19,7.3,78014128043.04
黄金,2020/9/28,1268.89,2.05,76032241844.47
黄金,2020/9/25,1266.84,-0.3,75724847557.6
黄金,2020/9/23,1267.14,-11.09,76302097936.61
黄金,2020/9/22,1278.23,-0.59,78311074798.17
黄金,2020/9/21,1278.82,18.98,78485458288.28
黄金,2020/9/19,1259.84,12.85,79003714778.75
黄金,2020/9/17,1246.99,-0.58,77613255602.51
黄金,2020/9/15,1247.57,-0.43,78176774078.96
黄金,2020/9/11,1248,-4.96,78101951634.07
黄金,2020/9/9,1252.96,2.92,78406488843.3
黄金,2020/9/2,1250.04,-0.59,78223538989.65
黄金,2020/9/1,1250.63,-0.87,79278248778.9
黄金,2020/8/27,1251.5,-0.59,77386630100.39
黄金,2020/8/26,1252.09,3.22,77789940910.43
黄金,2020/8/25,1248.87,-3.51,76715769974.14
黄金,2020/8/17,1252.38,4.09,79422365915.06
黄金,2020/8/14,1248.29,-3.8,78037750256.78
黄金,2020/8/13,1252.09,1.46,78255952254.76
黄金,2020/8/12,1250.63,-7.3,77668913247.29
黄金,2020/8/11,1257.93,-4.19,78436879272.91
黄金,2020/8/7,1262.12,-5.84,82390219670.4
黄金,2020/8/5,1267.96,10.23,83466682811.25
黄金,2020/8/4,1257.73,9.35,79953433205.29
黄金,2020/8/3,1248.38,6.42,78583066753.95
黄金,2020/7/29,1241.96,-1.16,77877098849.71
黄金,2020/7/28,1243.12,8.47,77551587156.29
黄金,2020/7/27,1234.65,5.84,76854922004.97
黄金,2020/7/24,1228.81,1.76,75128526013.12
黄金,2020/7/23,1227.05,2.04,74083189155.72
黄金,2020/7/22,1225.01,5.26,72940390631.07
黄金,2020/7/21,1219.75,7.89,72241633243.13
黄金,2020/7/20,1211.86,4.97,70726914350.79
黄金,2020/7/14,1206.89,2.92,69907974000.13
黄金,2020/7/13,1203.97,3.51,69956195163
黄金,2020/7/10,1200.46,-0.36,69584850962.5
黄金,2020/7/9,1200.82,-1.75,69933079217.32
黄金,2020/7/8,1202.57,3.21,69997347387.74
黄金,2020/7/7,1199.36,7.89,68979926440.51
黄金,2020/7/2,1191.47,9.36,68066100366.39
黄金,2020/7/1,1182.11,3.21,67289092501.62
黄金,2020/6/26,1178.9,3.51,66220842691.13
黄金,2020/6/25,1175.39,-1.46,66362698614.47
黄金,2020/6/24,1176.85,7.6,66805416552.03
黄金,2020/6/23,1169.25,3.21,66481742792.07
黄金,2020/6/22,1166.04,6.73,66035297836.68
黄金,2020/6/19,1159.31,23.09,64646482955.06
黄金,2020/6/12,1136.22,1.17,63317601740.27
黄金,2020/6/11,1135.05,5.55,63426459550.2
黄金,2020/6/10,1129.5,4.9,62528422890.39
黄金,2020/6/9,1124.6,-0.88,61928602902.26
黄金,2020/6/8,1125.48,-2.63,61139909130.19
黄金,2020/6/5,1128.11,-4.1,61034649360.74
黄金,2020/6/4,1132.21,-1.16,61861125233.56
黄金,2020/6/3,1133.37,4.09,62118851914.58
黄金,2020/6/2,1129.28,0.88,63231215112.1
黄金,2020/6/1,1128.4,5.26,62763748979.02
黄金,2020/5/29,1123.14,3.51,62404354161.35
黄金,2020/5/28,1119.63,0.58,61801451264.02
黄金,2020/5/27,1119.05,2.34,60951326690.73
黄金,2020/5/22,1116.71,4.39,62225692437.72
黄金,2020/5/20,1112.32,-1.46,62510067384.63
黄金,2020/5/15,1113.78,9.06,62131923592.42
黄金,2020/5/14,1104.72,12.58,61493604539.03
黄金,2020/5/13,1092.14,8.48,59979549864.93
黄金,2020/5/12,1083.66,2.59,59305325970
黄金,2020/5/11,1081.07,-0.58,59158069076.99
黄金,2020/5/8,1081.65,5.85,59237240356.57
黄金,2020/5/6,1075.8,-0.59,58483986622.37
黄金,2020/5/5,1076.39,4.68,58795022301.19
黄金,2020/5/4,1071.71,3.81,58869021031.75
黄金,2020/5/1,1067.9,11.4,57877464539.79
黄金,2020/4/29,1056.5,8.19,57841148954.8
黄金,2020/4/24,1048.31,5.85,57818777165.7
黄金,2020/4/22,1042.46,9.07,57317991015.37
黄金,2020/4/21,1033.39,3.8,55873016314.64
黄金,2020/4/20,1029.59,7.9,55805350929.14
黄金,2020/4/15,1021.69,4.1,56446153544.71
黄金,2020/4/14,1017.59,7.89,56981128210.14
黄金,2020/4/13,1009.7,15.51,54551056391.19
黄金,2020/4/9,994.19,5.56,53715616707.47
黄金,2020/4/8,988.63,2.92,52371694617.37
黄金,2020/4/7,985.71,1.45,52263226181.81
黄金,2020/4/6,984.26,5.27,52140655832.44
黄金,2020/4/3,978.99,7.02,50755315843.95
黄金,2020/4/2,971.97,3.22,50507327215.88
黄金,2020/4/1,968.75,1.75,49086943466.56
黄金,2020/3/31,967,2.64,50005812860.31
黄金,2020/3/30,964.36,-0.3,50160042640.17
黄金,2020/3/27,964.66,11.12,50145895505.31
黄金,2020/3/26,953.54,4.39,50104799693.52
黄金,2020/3/25,949.15,13.17,48979012722.51
黄金,2020/3/24,935.98,11.99,48308933652.44
黄金,2020/3/23,923.99,15.8,45303146956.94
黄金,2020/3/20,908.19,-14.04,43624513376.8
黄金,2020/3/19,922.23,-1.46,43702360961.65
黄金,2020/3/18,923.69,-6.15,44483444949.89
黄金,2020/3/16,929.84,-1.75,44466528879.85
黄金,2020/3/13,931.59,-12.59,46801387275.12
黄金,2020/3/12,944.18,-9.08,47659267578.06
黄金,2020/3/11,953.26,-8.77,50663238252.46
黄金,2020/3/10,962.03,-1.76,51190910174.56
黄金,2020/3/9,963.79,8.19,51805520183.92
黄金,2020/3/6,955.6,21.08,51709147154.98
黄金,2020/3/3,934.52,3.51,48522517379.25
黄金,2020/3/2,931.01,-3.22,47866192731.43
黄金,2020/2/27,934.23,-1.47,49606286738.19
黄金,2020/2/26,935.7,-4.39,49170129938.53
黄金,2020/2/25,940.09,6.15,49866903312.7
黄金,2020/2/20,933.94,2.34,48603633269.14
黄金,2020/2/19,931.6,1.76,48038986932.23
黄金,2020/2/18,929.84,5.85,47519930706.95
黄金,2020/2/14,923.99,1.76,46971717887.17
黄金,2020/2/11,922.23,6.15,46560755717.36
黄金,2020/2/7,916.08,1.17,46315698733.47
黄金,2020/2/6,914.91,2.33,45688312091.12
黄金,2020/2/4,912.58,9.37,45705396445.72
黄金,2020/1/31,903.21,-0.29,45988680870.17
黄金,2020/1/29,903.5,4.09,45692324504.18
黄金,2020/1/27,899.41,-1.17,45678259727.49
黄金,2020/1/23,900.58,1.76,45241724267.89
黄金,2020/1/17,898.82,19.33,45003239813.03
黄金,2020/1/16,879.49,1.17,43949665862.43
黄金,2020/1/15,878.32,3.8,43734878394.79
黄金,2020/1/10,874.52,-7.6,43677015062.96
黄金,2020/1/9,882.12,-4.69,43962348788.27
黄金,2020/1/8,886.81,-9.37,44800890912.41
黄金,2020/1/6,896.18,0.88,45308627924.57
黄金,2020/1/2,895.3,2.05,43942046964.94
黄金,2019/12/27,893.25,0.88,43396237993.26
黄金,2019/12/26,892.37,3.51,42761550710.36
黄金,2019/12/24,888.86,2.93,42594018617.99
黄金,2019/12/20,885.93,2.64,42117945975.11
黄金,2019/12/18,883.29,2.63,41852938313.48
黄金,2019/12/17,880.66,-5.56,41778009709.07
黄金,2019/12/11,886.22,0.29,41788385853.03
黄金,2019/12/10,885.93,-0.3,41722333583.66
黄金,2019/12/6,886.23,-2.34,41573140126.51
黄金,2019/12/4,888.57,-0.59,42125419808.36
黄金,2019/12/2,889.16,-6.44,41755337287.91
黄金,2019/11/29,895.6,-0.88,42030695561.98
黄金,2019/11/25,896.48,4.69,42023350304.68
黄金,2019/11/18,891.79,-4.98,42071978362.91
黄金,2019/11/13,896.77,-0.32,42172375615.4
黄金,2019/11/12,897.09,-4.1,41859896636.96
黄金,2019/11/8,901.19,-13.19,42403849415.36
黄金,2019/11/7,914.38,-1.47,43615970327.23
黄金,2019/11/5,915.85,1.18,43825238747.95
黄金,2019/11/2,914.67,-0.88,44354799405.16
黄金,2019/10/30,915.55,-1.76,43906839365.17
黄金,2019/10/29,917.31,-1.17,43833890585.62
黄金,2019/10/23,918.48,-1.18,44120217405.82
黄金,2019/10/22,919.66,-4.98,43907962483.56
黄金,2019/10/18,924.64,6.45,44286078486.23
黄金,2019/10/16,918.19,-1.47,43833481725.47
黄金,2019/10/15,919.66,-2.05,43983771540.71
黄金,2019/10/10,921.71,-2.05,44291756393.4
黄金,2019/10/2,923.76,2.93,44314844183.17
黄金,2019/9/30,920.83,-2.05,43959000423.64
黄金,2019/9/27,922.88,-2.06,44194939063.03
黄金,2019/9/25,924.94,16.42,45449525166.16
黄金,2019/9/23,908.52,14.37,44449289488.24
黄金,2019/9/20,894.15,10.55,43166969508.88
黄金,2019/9/18,883.6,3.23,42703678824.65
黄金,2019/9/17,880.37,5.86,42508613832.04
黄金,2019/9/13,874.51,-5.86,42255378249.73
黄金,2019/9/12,880.37,-2.05,42881735437.13
黄金,2019/9/9,882.42,-7.33,42812901648.28
黄金,2019/9/5,889.75,-6.15,43739783696.07
黄金,2019/9/4,895.9,5.86,44518266869.06
黄金,2019/9/3,890.04,11.73,43991132588.31
黄金,2019/8/30,878.31,-2.05,43146197681.54
黄金,2019/8/29,880.36,-2.05,43581539904.37
黄金,2019/8/28,882.41,9.09,43597145242.25
黄金,2019/8/27,873.32,13.49,43030384319.68
黄金,2019/8/23,859.83,4.99,41561484564.62
黄金,2019/8/22,854.84,2.93,41272780804.56
黄金,2019/8/21,851.91,6.74,41164463122.39
黄金,2019/8/20,845.17,1.76,40874208345.31
黄金,2019/8/16,843.41,-0.88,41081020027.65
黄金,2019/8/14,844.29,7.63,41070499427.45
黄金,2019/8/13,836.66,-11.11,40300455994.54
黄金,2019/8/12,847.77,7.92,40995452451.19
黄金,2019/8/8,839.85,-5.57,40372423147.01
黄金,2019/8/7,845.42,8.5,40920856249.53
黄金,2019/8/6,836.92,1.76,39411557309.24
黄金,2019/8/5,835.16,4.4,39329074797.15
黄金,2019/8/2,830.76,2.94,38495383712.87
黄金,2019/8/1,827.82,4.4,37429619000.92
黄金,2019/7/31,823.42,-1.47,37780337178.17
黄金,2019/7/29,824.89,6.75,37623057947.04
黄金,2019/7/26,818.14,-1.18,37351958927.77
黄金,2019/7/25,819.32,-2.93,37292688518.95
黄金,2019/7/24,822.25,-0.88,37713500924.98
黄金,2019/7/23,823.13,-2.05,37717242895.09
黄金,2019/7/22,825.18,4.69,37870149384.01
黄金,2019/7/19,820.49,5.87,37971152817.72
黄金,2019/7/18,814.62,11.44,37117207525.67
黄金,2019/7/17,803.18,3.81,36412805731.31
黄金,2019/7/16,799.37,-1.17,36227401828.88
黄金,2019/7/10,800.54,6.46,36243090649.92
黄金,2019/7/9,794.08,-1.72,35523564238.18
黄金,2019/7/8,795.8,-1.17,35808350593.02
黄金,2019/7/5,796.97,-1.47,35568968892.5
黄金,2019/7/2,798.44,-1.76,35697268862.49
黄金,2019/7/1,800.2,6.16,35751964046.42
黄金,2019/6/28,794.04,-1.76,35960222262.16
黄金,2019/6/27,795.8,-2.05,35874074031.68
黄金,2019/6/26,797.85,-1.76,36004292709.22
黄金,2019/6/25,799.61,-2.35,36789862403.43
黄金,2019/6/24,801.96,2.93,36235668493.43
黄金,2019/6/21,799.03,34.93,35884571277.99
黄金,2019/6/14,764.1,4.4,33190724877.77
黄金,2019/6/12,759.7,3.52,32538545577.81
黄金,2019/6/11,756.18,-0.24,32192315858.46
黄金,2019/6/7,756.42,-1.17,32591363486.3
黄金,2019/6/5,757.59,-2.06,32506283744.28
黄金,2019/6/3,759.65,16.44,32156789196.58
黄金,2019/5/31,743.21,2.35,30946787277.06
黄金,2019/5/29,740.86,3.52,30518552131.94
黄金,2019/5/28,737.34,-1.47,30294315530.98
黄金,2019/5/22,738.81,-0.88,30249750160.17
黄金,2019/5/21,739.69,3.52,30223129352.12
黄金,2019/5/17,736.17,2.94,30308878248.08
黄金,2019/5/15,733.23,-3.23,30620051178.16
黄金,2019/5/13,736.46,3.23,30672742530.09
黄金,2019/5/10,733.23,-6.71,30338833018.57
黄金,2019/5/7,739.94,0.3,30466781606.07
黄金,2019/5/6,739.64,-1.18,30392002802.79
黄金,2019/5/3,740.82,-4.7,30441283193.61
黄金,2019/5/2,745.52,-1.17,30452578470.86
黄金,2019/4/26,746.69,-1.18,30820685186.16
黄金,2019/4/24,747.87,-1.76,30568098833.3
黄金,2019/4/23,749.63,-2.05,30588654811.04
黄金,2019/4/18,751.68,-1.18,30824082861.1
黄金,2019/4/17,752.86,0.59,30876233410.5
黄金,2019/4/16,752.27,-1.76,30864570823.63
黄金,2019/4/15,754.03,-3.82,31162679485.33
黄金,2019/4/9,757.85,-2.64,31745315357.2
黄金,2019/4/8,760.49,-1.18,31783051995.36
黄金,2019/4/5,761.67,-0.88,31550355858.95
黄金,2019/4/4,762.55,-1.74,31457265775.24
黄金,2019/4/3,764.29,-3.81,31697578486.5
黄金,2019/4/2,768.1,-4.7,31852650265.68
黄金,2019/4/1,772.8,-11.46,32127476534.8
黄金,2019/3/26,784.26,3.23,33180938043.25
黄金,2019/3/22,781.03,2.94,32920078774.99
黄金,2019/3/19,778.09,-1.18,32707242623.75
黄金,2019/3/18,779.27,8.23,32704394537.49
黄金,2019/3/15,771.04,-1.42,32308103614.68
黄金,2019/3/12,772.46,2.93,32198227535.23
黄金,2019/3/11,769.53,2.94,31969672787.38
黄金,2019/3/4,766.59,-5.87,31668845577.72
黄金,2019/3/1,772.46,-11.76,32572150795.5
黄金,2019/2/28,784.22,-4.11,33249820488.57
黄金,2019/2/25,788.33,-1.18,33727009562.33
黄金,2019/2/21,789.51,-4.99,33783866219.45
黄金,2019/2/20,794.5,2.05,34317361392.09
黄金,2019/2/19,792.45,-0.58,33984276325.69
黄金,2019/2/15,793.03,-3.82,33562221934.71
黄金,2019/2/13,796.85,-2.04,33628601678.87
黄金,2019/2/12,798.89,-3.23,33631480152.47
黄金,2019/2/8,802.12,-1.17,33894198132.23
黄金,2019/2/7,803.29,-6.47,33819008898.21
黄金,2019/2/6,809.76,-2.06,34154200122.94
黄金,2019/2/5,811.82,-1.47,34288368380.19
黄金,2019/2/4,813.29,-4.11,34297235582.13
黄金,2019/2/1,817.4,-6.47,34644102575.93
黄金,2019/1/29,823.87,8.23,34624068366.41
黄金,2019/1/28,815.64,5.88,34136843212.88
黄金,2019/1/18,809.76,12.05,33427076087.88
黄金,2019/1/10,797.71,-1.47,33129815333.36
黄金,2019/1/9,799.18,2.65,33106445395.94
黄金,2019/1/8,796.53,-0.25,32942123162.07
黄金,2019/1/7,796.78,-1.47,33089784156.75
黄金,2019/1/4,798.25,2.94,32836265737.76
黄金,2019/1/2,795.31,7.64,32792707670.77
黄金,2018/12/27,787.67,-2.35,32102192156.74
黄金,2018/12/26,790.02,15.88,32026994225.47
黄金,2018/12/24,774.14,1.47,31383803588.37
黄金,2018/12/21,772.67,3.53,31248201282.83
黄金,2018/12/20,769.14,-2.65,31145367977.48
黄金,2018/12/18,771.79,8.23,30919498162.91
黄金,2018/12/11,763.56,3.24,30567350905.16
黄金,2018/12/10,760.32,0.59,30439384055.55
黄金,2018/12/7,759.73,1.52,30366758506.27
黄金,2018/12/3,758.21,-3.53,29980639996.8
黄金,2018/11/26,761.74,-1.18,29953552951.19
黄金,2018/11/21,762.92,2.06,30067703499.35
黄金,2018/11/19,760.86,1.18,29877108945.66
黄金,2018/11/16,759.68,-1.47,29851416189.29
黄金,2018/11/13,761.15,-0.85,29413419012.82
黄金,2018/11/12,762,6.77,29521002619.93
黄金,2018/11/7,755.23,-1.47,29852826660.84
黄金,2018/11/6,756.7,-0.59,29951466897.03
黄金,2018/11/5,757.29,-1.77,29990920857.03
黄金,2018/11/2,759.06,-1.76,30058184511.67
黄金,2018/11/1,760.82,6.76,30105206402.08
黄金,2018/10/31,754.06,-0.88,29444925919.58
黄金,2018/10/29,754.94,5.3,29864765027.38
黄金,2018/10/24,749.64,1.76,29650789705.47
黄金,2018/10/22,747.88,2.06,29383219740.85
黄金,2018/10/19,745.82,-2.94,29436322577.84
黄金,2018/10/15,748.76,4.12,29604337339.36
黄金,2018/10/12,744.64,5.65,29198185849.73
黄金,2018/10/10,738.99,8.82,28227896056.48
黄金,2018/10/5,730.17,-1.47,28248873815.32
黄金,2018/10/3,731.64,-6.18,28245288073.78
黄金,2018/10/2,737.82,-2.35,28567318304.03
黄金,2018/10/1,740.17,-2.06,28293540792.04
黄金,2018/9/18,742.23,-0.3,28635304365.5
黄金,2018/9/13,742.53,-2.65,28877415183.87
黄金,2018/9/11,745.18,-0.26,28503133281.66
黄金,2018/9/7,745.44,-1.47,28721288254.6
黄金,2018/9/4,746.91,-8.25,28585661286.67
黄金,2018/8/31,755.16,-2.65,29184188584.87
黄金,2018/8/30,757.81,-2.06,29161474049.4
黄金,2018/8/28,759.87,-4.71,29606689050.07
黄金,2018/8/24,764.58,-2.65,29433922323.3
黄金,2018/8/23,767.23,-1.47,29404320081.88
黄金,2018/8/21,768.7,-3.54,29426804847.69
黄金,2018/8/17,772.24,-1.17,29251794548.39
黄金,2018/8/16,773.41,-1.18,29346472804.17
黄金,2018/8/15,774.59,-2.06,29431342522.68
黄金,2018/8/14,776.65,-7.95,29884552659.59
黄金,2018/8/13,784.6,-1.48,30275375071.83
黄金,2018/8/8,786.08,-1.45,30566388606.85
黄金,2018/8/7,787.53,-1.18,30683429451.33
黄金,2018/8/6,788.71,-6.18,30661216179.62
黄金,2018/8/3,794.89,-2.07,31072712731.33
黄金,2018/8/1,796.96,-3.24,31223195869.46
黄金,2018/7/25,800.2,-2.35,31674168910.35
黄金,2018/7/23,802.55,4.42,31599152066.29
黄金,2018/7/19,798.13,4.12,31236638682.24
黄金,2018/7/16,794.01,-1.18,31677426669.69
黄金,2018/7/12,795.19,-3.83,31848551791.69
黄金,2018/7/10,799.02,-1.75,32210739276.58
黄金,2018/7/9,800.77,-1.47,32477730184.14
黄金,2018/7/6,802.24,-1.18,32365751295.02
黄金,2018/7/3,803.42,-5.89,32321387950.58
黄金,2018/7/2,809.31,-9.73,32456098999.55
黄金,2018/6/29,819.04,-1.47,32917002923.51
黄金,2018/6/28,820.51,-1.18,33005607055.05
黄金,2018/6/27,821.69,-2.94,33133966254.46
黄金,2018/6/26,824.63,4.42,33404298563.52
黄金,2018/6/25,820.21,-4.42,33447097104.71
黄金,2018/6/21,824.63,-4.13,33561239383.08
黄金,2018/6/8,828.76,-3.83,34589373373.78
黄金,2018/6/6,832.59,-3.54,34799564829.61
黄金,2018/6/5,836.13,-0.29,34731366465.31
黄金,2018/6/1,836.42,-10.61,34801464374.46
黄金,2018/5/31,847.03,-4.42,35536215806.16
黄金,2018/5/29,851.45,2.95,35452888971.84
黄金,2018/5/25,848.5,-3.54,35549927580.91
黄金,2018/5/21,852.04,-3.24,35284694471.85
黄金,2018/5/18,855.28,-0.89,35418785622.68
黄金,2018/5/14,856.17,-1.47,36325436047.92
黄金,2018/5/11,857.64,-5.31,36513262018.73
黄金,2018/5/9,862.95,-1.18,36448679916.32
黄金,2018/5/4,864.13,-1.46,36376851637.92
黄金,2018/5/3,865.59,-1.18,36584133124.96
黄金,2018/5/1,866.77,-4.43,36413244079.79
黄金,2018/4/25,871.2,5.31,37009058095.52
黄金,2018/4/12,865.89,5.9,37337287608.13
黄金,2018/4/6,859.99,5.9,36804734681.53
黄金,2018/4/5,854.09,2.06,36456592384.68
黄金,2018/4/4,852.03,-0.28,36631849139.45
黄金,2018/4/2,852.31,6.19,36264084925.91
黄金,2018/3/27,846.12,-1.18,36481635144.13
黄金,2018/3/26,847.3,-3.24,36831210715.44
黄金,2018/3/20,850.54,-0.3,35842571105.35
黄金,2018/3/19,850.84,10.62,35893693816.77
黄金,2018/3/16,840.22,2.07,35384676988.09
黄金,2018/3/15,838.15,4.42,35531188891.21
黄金,2018/3/7,833.73,-0.25,35632169801.14
黄金,2018/3/1,833.98,2.95,35053993733.79
黄金,2018/2/26,831.03,1.77,35619112778.76
黄金,2018/2/23,829.26,1.47,35396412853.15
黄金,2018/2/20,827.79,3.25,35651301885.79
黄金,2018/2/16,824.54,3.24,35837804833.32
黄金,2018/2/15,821.3,-2.36,35706344250.98
黄金,2018/2/13,823.66,2.95,35092118876.61
黄金,2018/2/9,820.71,-5.6,34671062296.83
黄金,2018/2/8,826.31,-0.59,34944185349.77
黄金,2018/2/7,826.9,-2.36,35214118039.89
黄金,2018/2/6,829.26,-12.09,35495011451.58
黄金,2018/1/31,841.35,-4.13,36371885201.62
黄金,2018/1/30,845.48,-1.19,36546877183.85
黄金,2018/1/29,846.67,-1.47,36569739190.01
黄金,2018/1/26,848.14,-1.18,36888301739.35
黄金,2018/1/23,849.32,2.65,36401571432.15
黄金,2018/1/19,846.67,5.91,36331482088.47
黄金,2018/1/18,840.76,11.8,36004183642.96
黄金,2018/1/10,828.96,-2.95,35169800908
黄金,2018/1/9,831.91,-2.95,35061402927.4
黄金,2018/1/5,834.86,-1.18,35352446749.35
黄金,2018/1/4,836.04,-0.28,35331607413.25
黄金,2018/1/2,836.32,-1.18,35266505414.92
黄金,2017/12/22,837.5,1.48,34135729343.16
黄金,2017/12/19,836.02,-1.18,33869697350.61
黄金,2017/12/18,837.2,-7.09,33924653720.41
黄金,2017/12/13,844.29,1.48,33726465819.33
黄金,2017/12/7,842.81,-2.66,34004355206.94
黄金,2017/12/5,845.47,-1.46,34419501154.73
黄金,2017/12/4,846.93,-1.18,34662659691.22
黄金,2017/12/1,848.11,8.56,34768061663.17
黄金,2017/11/28,839.55,-2.66,34859328635.37
黄金,2017/11/27,842.21,-1.18,35052690979.76
黄金,2017/11/13,843.39,0.3,34647607428
黄金,2017/11/8,843.09,-1.18,34801369988.21
黄金,2017/11/7,844.27,-1.18,34622515997.56
黄金,2017/11/6,845.45,-0.3,34543596549.28
黄金,2017/11/3,845.75,-0.29,34444121116.94
黄金,2017/11/2,846.04,-3.55,34782946911.56
黄金,2017/11/1,849.59,-1.18,34870391799.31
黄金,2017/10/27,850.77,-1.18,34630868182.75
黄金,2017/10/26,851.95,-1.18,34879318046.48
黄金,2017/10/13,853.13,-5.32,35641770050.33
黄金,2017/10/9,858.45,4.43,35290093946.3
黄金,2017/10/6,854.02,2.96,34643611943.34
黄金,2017/10/5,851.06,-3.24,34871620391.59
黄金,2017/10/3,854.3,-5.03,34904202417.82
黄金,2017/10/2,859.33,-5.32,35177595228.44
黄金,2017/9/27,864.65,2.07,35643387633.39
黄金,2017/9/26,862.58,6.5,36043799978.94
黄金,2017/9/22,856.08,3.85,35629114387.52
黄金,2017/9/21,852.23,6.2,35395585245.43
黄金,2017/9/19,846.03,2.07,35614548370.58
黄金,2017/9/18,843.96,5.32,35595665510.05
黄金,2017/9/12,838.64,2.96,35761856804.45
黄金,2017/9/11,835.68,1.18,35843076315.55
黄金,2017/9/8,834.5,-2.37,36116847047.76
黄金,2017/9/7,836.87,-0.25,36145602495.05
黄金,2017/9/6,837.12,-2.96,35993932363.92
黄金,2017/9/5,840.08,8.87,36059348679.91
黄金,2017/9/1,831.21,14.78,35275255301.66
黄金,2017/8/29,816.43,2.07,34603002259.17
黄金,2017/8/28,814.36,9.16,33642461959.51
黄金,2017/8/25,805.2,5.91,33264864123.6
黄金,2017/8/18,799.29,3.85,33292908863.75
黄金,2017/8/16,795.44,4.43,32544023488.67
黄金,2017/8/14,791.01,4.14,32606132655.74
黄金,2017/8/7,786.87,-0.27,31823210422.59
黄金,2017/8/4,787.14,-4.74,31816664279.46
黄金,2017/7/27,791.88,-3.54,32097358383.39
黄金,2017/7/26,795.42,-5.03,31909134538.91
黄金,2017/7/25,800.45,-9.17,32273350088.26
黄金,2017/7/24,809.62,-4.14,32673366647
黄金,2017/7/21,813.76,-2.36,32658427435.66
黄金,2017/7/19,816.12,-5.33,32586183268.4
黄金,2017/7/18,821.45,-5.62,32762163807.22
黄金,2017/7/17,827.07,-1.77,32809850887.2
黄金,2017/7/13,828.84,-3.55,32476645401.14
黄金,2017/7/10,832.39,-2.96,32429466295.38
黄金,2017/7/7,835.35,-5.32,32634971540.53
黄金,2017/7/5,840.67,-5.62,32969462981.2
黄金,2017/7/3,846.29,-6.21,33434205177.89
黄金,2017/6/30,852.5,-1.18,34037130102.89
黄金,2017/6/26,853.68,2.66,34168226345.3
黄金,2017/6/23,851.02,-2.96,34348686411.87
黄金,2017/6/21,853.98,0.3,34106449180.34
黄金,2017/6/15,853.68,-1.19,34427619217.22
黄金,2017/6/14,854.87,-12.13,35051537990.86
黄金,2017/6/8,867,2.07,35484403875.57
黄金,2017/6/7,864.93,9.77,35897784703.12
黄金,2017/6/6,855.16,4.16,35561631729.45
黄金,2017/6/2,851,3.55,34871052388.79
黄金,2017/5/23,847.45,-5.03,34327391328.91
黄金,2017/5/22,852.48,1.77,34494598849.43
黄金,2017/5/18,850.71,-1.18,34343552201.85
黄金,2017/5/8,851.89,-1.19,33680198040.63
黄金,2017/5/4,853.08,-0.28,33691458768.74
黄金,2017/4/27,853.36,-0.89,34636545757.34
黄金,2017/4/25,854.25,-5.92,34810685115.38
黄金,2017/4/24,860.17,1.48,35096639703.99
黄金,2017/4/21,858.69,4.44,35381108419.69
黄金,2017/4/20,854.25,-6.51,35205354679.07
黄金,2017/4/19,860.76,11.84,35389800271.74
黄金,2017/4/13,848.92,6.51,35044339339.18
黄金,2017/4/11,842.41,4.15,33929802002.3
黄金,2017/4/10,838.26,1.77,33686396046.37
黄金,2017/4/7,836.49,-0.27,34057175788.02
黄金,2017/4/3,836.76,4.44,33542246496.9
黄金,2017/3/30,832.32,-1.19,33407084605.28
黄金,2017/3/28,833.51,-1.77,33681817202.95
黄金,2017/3/27,835.28,2.66,33762059921.18
黄金,2017/3/24,832.62,-1.78,33386375208.64
黄金,2017/3/21,834.4,4.15,33300460532.36
黄金,2017/3/20,830.25,-3.85,32889747011.64
黄金,2017/3/17,834.1,-2.96,32968282631.46
黄金,2017/3/16,837.06,-2.37,33078991985.27
黄金,2017/3/15,839.43,4.44,32348497342.14
黄金,2017/3/14,834.99,2.96,32333338702.81
黄金,2017/3/13,832.03,6.81,32208293681.21
黄金,2017/3/10,825.22,-8.88,31904498741.88
黄金,2017/3/9,834.1,-2.67,32352990769.29
黄金,2017/3/6,836.77,-3.81,33113892455.77
黄金,2017/3/3,840.58,-4.74,33135381030.29
黄金,2017/3/2,845.32,1.78,33637883556.66
黄金,2017/3/1,843.54,2.37,33629886662.69
黄金,2017/2/17,841.17,-2.37,33581737037.45
黄金,2017/2/15,843.54,2.67,33201137823.7
黄金,2017/2/13,840.87,4.15,33038783922.48
黄金,2017/2/10,836.72,4.14,33039640670.02
黄金,2017/2/8,832.58,5.63,33245970541.26
黄金,2017/2/7,826.95,8.3,32726419533.09
黄金,2017/2/6,818.65,4.15,32286592924.91
黄金,2017/2/3,814.5,3.28,31821586118.28
黄金,2017/2/2,811.22,1.48,31859074946.54
黄金,2017/2/1,809.74,10.67,31324803353.77
黄金,2017/1/25,799.07,-5.04,30692156187.88
黄金,2017/1/24,804.11,-2.96,31449620755.37
黄金,2017/1/23,807.07,-2.08,31463393489.66
黄金,2017/1/20,809.15,1.19,31225324030.99
黄金,2017/1/13,807.96,2.96,30917004200.18
黄金,2017/1/9,805,-8.59,30498244851.12
黄金,2017/1/5,813.59,-0.28,30778153848.86
黄金,2017/1/3,813.87,-8.3,30106338705.19
黄金,2016/12/30,822.17,-1.19,30628886626.9
黄金,2016/12/27,823.36,-1.18,29930210905.8
黄金,2016/12/21,824.54,-3.56,30045544530.63
黄金,2016/12/19,828.1,-8.89,30245072832.6
黄金,2016/12/16,836.99,-5.34,30445809739.38
黄金,2016/12/15,842.33,-7.11,30514344305.78
黄金,2016/12/14,849.44,-6.82,31736515027.89
黄金,2016/12/12,856.26,-1.19,31822686396.24
黄金,2016/12/9,857.45,-3.26,32074572266.61
黄金,2016/12/8,860.71,-2.96,32403084445.19
黄金,2016/12/7,863.67,-6.23,32698328100.4
黄金,2016/12/5,869.9,-0.32,32502666358.44
黄金,2016/12/1,870.22,-13.64,32494309115.88
黄金,2016/11/30,883.86,-1.18,33465899758.92
黄金,2016/11/25,885.04,-6.53,33785836526.4
黄金,2016/11/23,891.57,-13.34,33968311079.15
黄金,2016/11/22,904.91,-3.85,35259818832.78
黄金,2016/11/21,908.76,-6.53,35468880781.28
黄金,2016/11/18,915.29,-5.34,35629086133.93
黄金,2016/11/17,920.63,-5.63,36303480875.91
黄金,2016/11/16,926.26,-1.19,36599061095.28
黄金,2016/11/15,927.45,-1.48,36579248275.53
黄金,2016/11/14,928.93,-5.63,36239428153.92
黄金,2016/11/11,934.56,-7.12,37147062368.5
黄金,2016/11/10,941.68,-13.35,38370476881.44
黄金,2016/11/9,955.03,5.34,39341536785.83
黄金,2016/11/3,949.69,4.43,39722664721.56
黄金,2016/11/1,945.26,2.67,39143635503.56
黄金,2016/10/26,942.59,-14.24,38491620545.85
黄金,2016/10/25,956.83,3.27,39039763749.58
黄金,2016/10/21,953.56,-16.61,38805602479.16
黄金,2016/10/20,970.17,2.96,39656850764
黄金,2016/10/17,967.21,1.78,39012890735.1
黄金,2016/10/14,965.43,3.86,38847695630.5
黄金,2016/10/13,961.57,2.67,38980434079.88
黄金,2016/10/7,958.9,11.27,38803830168.26
黄金,2016/10/5,947.63,-0.32,38672911995.41
黄金,2016/9/30,947.95,-1.19,40293446656.34
黄金,2016/9/27,949.14,-2.08,40482550308.41
黄金,2016/9/23,951.22,0.3,40929233750.29
黄金,2016/9/22,950.92,6.53,40930668345.66
黄金,2016/9/21,944.39,5.64,40255345040.3
黄金,2016/9/20,938.75,-3.86,39644177330.15
黄金,2016/9/16,942.61,10.39,39643685725.92
黄金,2016/9/15,932.22,-3.27,39280664774.67
黄金,2016/9/13,935.49,-4.45,39805581883.33
黄金,2016/9/9,939.94,-10.68,40214349686.8
黄金,2016/9/8,950.62,-1.19,41055491701.1
黄金,2016/9/7,951.81,-0.33,41258690523.7
黄金,2016/9/6,952.14,14.25,40919347161.98
黄金,2016/9/1,937.89,-5.34,39472306940.8
黄金,2016/8/31,943.23,-12.17,39690072751.22
黄金,2016/8/30,955.4,-1.19,40476104748.25
黄金,2016/8/25,956.59,-1.78,40625511358.36
黄金,2016/8/22,958.37,2.38,41152370186.13
黄金,2016/8/18,955.99,-1.79,41487103578.78
黄金,2016/8/17,957.78,-4.45,41358547049.19
黄金,2016/8/16,962.23,1.78,41571415643.04
黄金,2016/8/12,960.45,-11.87,41749483697.4
黄金,2016/8/11,972.32,-0.3,42353699016.49
黄金,2016/8/9,972.62,-1.19,41929766235.9
黄金,2016/8/8,973.81,-6.53,41849924366.09
黄金,2016/8/5,980.34,7.13,42245476552.42
黄金,2016/8/4,973.21,3.56,42638206122.72
黄金,2016/8/3,969.65,-0.32,42362557398.32
黄金,2016/8/2,969.97,5.94,42514270082.98
黄金,2016/8/1,964.03,5.94,41817363399.7
黄金,2016/7/29,958.09,3.86,41325417865.64
黄金,2016/7/26,954.23,-4.46,40577318990.16
黄金,2016/7/25,958.69,-4.45,40463596629.88
黄金,2016/7/21,963.14,-2.08,40901137220.17
黄金,2016/7/18,965.22,2.37,41411262106.66
黄金,2016/7/14,962.85,-2.37,40967508405.32
黄金,2016/7/12,965.22,-16.04,41652921322.17
黄金,2016/7/8,981.26,2.97,42720713153.71
黄金,2016/7/7,978.29,-4.15,42668938221.48
黄金,2016/7/6,982.44,-0.28,43152407587.44
黄金,2016/7/5,982.72,28.81,42663149591.65
黄金,2016/7/1,953.91,3.86,41084252449.04
黄金,2016/6/29,950.05,2.67,40353721700
黄金,2016/6/27,947.38,13.07,40333932201.94
黄金,2016/6/24,934.31,18.41,39506872122.74
黄金,2016/6/22,915.9,3.57,37237376719.23
黄金,2016/6/21,912.33,3.56,37320169137.36
黄金,2016/6/20,908.77,0.89,37443550409.45
黄金,2016/6/17,907.88,5.35,37667845243.64
黄金,2016/6/16,902.53,1.78,38028186212.95
黄金,2016/6/15,900.75,2.08,37158543336.33
黄金,2016/6/14,898.67,2.38,37184399032.77
黄金,2016/6/13,896.29,2.37,36903478933.57
黄金,2016/6/10,893.92,6.54,36654503633.7
黄金,2016/6/9,887.38,6.23,36055954564.78
黄金,2016/6/6,881.15,-0.29,35239869915.76
黄金,2016/6/3,881.44,6.24,35141836498.3
黄金,2016/6/2,875.2,4.46,34102713916.69
黄金,2016/6/1,870.74,2.08,33988176636.34
黄金,2016/5/24,868.66,-3.86,34534145647.02
黄金,2016/5/23,872.52,3.26,34941990241.97
黄金,2016/5/20,869.26,8.92,35044187089.98
黄金,2016/5/19,860.34,4.45,34465234658.56
黄金,2016/5/17,855.89,4.76,35133581446.45
黄金,2016/5/13,851.13,5.94,34636169698.65
黄金,2016/5/12,845.19,3.27,34757441352.59
黄金,2016/5/11,841.92,2.67,34558420613.2
黄金,2016/5/10,839.25,2.38,34069904908.14
黄金,2016/5/9,836.87,2.68,34039681005.41
黄金,2016/5/6,834.19,4.75,34568995184.42
黄金,2016/5/5,829.44,3.9,34138987320.44
黄金,2016/5/4,825.54,0.6,34041103260.67
黄金,2016/5/2,824.94,20.8,34087618782.27
黄金,2016/4/28,804.14,1.49,32462634945.95
黄金,2016/4/25,802.65,-2.38,31962401005.99
黄金,2016/4/19,805.03,-7.43,32486279539.53
黄金,2016/4/15,812.46,5.64,32048363079.53
黄金,2016/4/14,806.82,-3.26,32001002916.57
黄金,2016/4/13,810.08,-5.06,32440991859.34
黄金,2016/4/12,815.14,-2.67,32875669080.32
黄金,2016/4/8,817.81,-1.79,32587977562.63
黄金,2016/4/6,819.6,4.17,32182817155.16
黄金,2016/4/5,815.43,-0.29,32277981145.5
黄金,2016/4/4,815.72,-2.37,31976734251.83
黄金,2016/4/1,818.09,-1.19,31909282359.72
黄金,2016/3/30,819.28,-1.19,32553002143.22
黄金,2016/3/29,820.47,-3.27,32330237787.94
黄金,2016/3/24,823.74,2.08,32328484291.21
黄金,2016/3/21,821.66,2.68,32879224413.19
黄金,2016/3/18,818.98,11.89,32962789107.19
黄金,2016/3/17,807.09,11.89,32858044616.34
黄金,2016/3/16,795.2,2.97,31402599020.66
黄金,2016/3/15,792.23,2.09,31374652092.24
黄金,2016/3/14,790.14,-8.63,31565645401.62
黄金,2016/3/10,798.77,5.95,32521511691.59
黄金,2016/3/9,792.82,2.08,31767360673.78
黄金,2016/3/8,790.74,-2.38,32208011268.61
黄金,2016/3/4,793.12,-0.21,32574077196.06
黄金,2016/3/3,793.33,4.76,31879383423.38
黄金,2016/3/2,788.57,2.37,31408321802.83
黄金,2016/3/1,786.2,8.93,31245634441.14
黄金,2016/2/29,777.27,14.87,30851326851.57
黄金,2016/2/26,762.4,2.08,30056070041.29
黄金,2016/2/24,760.32,8.03,30567434313.61
黄金,2016/2/22,752.29,19.33,29283759353.44
黄金,2016/2/19,732.96,19.33,29006902637.79
黄金,2016/2/18,713.63,2.68,27759042805.85
黄金,2016/2/12,710.95,-5.06,28334467150.85
黄金,2016/2/11,716.01,13.98,28565096829.41
黄金,2016/2/9,702.03,-1.49,26879373269.9
黄金,2016/2/8,703.52,5.06,26987507826.95
黄金,2016/2/5,698.46,4.84,25831001792.29
黄金,2016/2/4,693.62,3.57,25778063976.9
黄金,2016/2/3,690.05,4.46,25105413328.78
黄金,2016/2/2,685.59,4.16,24866148077.45
黄金,2016/2/1,681.43,12.2,24671504799.86
黄金,2016/1/26,669.23,5.06,23953799728.41
黄金,2016/1/22,664.17,2.08,23403276253.5
黄金,2016/1/21,662.09,1.79,23335455567.34
黄金,2016/1/20,660.3,2.38,23384237453.87
黄金,2016/1/15,657.92,3.86,23131971599.71
黄金,2016/1/13,654.06,2.38,22878704097.8
黄金,2016/1/11,651.68,2.09,23059926616.81
黄金,2016/1/8,649.59,4.46,23009946855.63
黄金,2016/1/7,645.13,4.16,22945426055.88
黄金,2016/1/6,640.97,-1.4,22489418957.21
黄金,2015/12/31,642.37,-1.19,21930606052.86
黄金,2015/12/28,643.56,-1.19,22171646155.34
黄金,2015/12/24,644.75,-1.19,22213637849.98
黄金,2015/12/21,645.94,-2.97,22397647746.13
黄金,2015/12/18,648.91,18.74,22162565000.53
黄金,2015/12/17,630.17,-4.46,21256910354.98
黄金,2015/12/7,634.63,-4.17,21948576236.41
黄金,2015/12/3,638.8,-0.22,21675724515.14
黄金,2015/12/2,639.02,-15.78,21674934149.72
黄金,2015/11/27,654.8,-0.89,22253565704.49
黄金,2015/11/23,655.69,-5.06,22561072399.43
黄金,2015/11/20,660.75,-1.19,22974993596.45
黄金,2015/11/12,661.94,-1.49,23138662036.27
黄金,2015/11/10,663.43,-2.68,23184813370.86
黄金,2015/11/9,666.11,-2.98,23332263144.87
黄金,2015/11/6,669.09,-2.68,23422274512.73
黄金,2015/11/5,671.77,-8.34,23892151372.98
黄金,2015/11/4,680.11,-6.19,24372624498.03
黄金,2015/11/3,686.3,-2.98,24771662883.8
黄金,2015/11/2,689.28,-2.98,25121006756.63
黄金,2015/10/30,692.26,-2.08,25416243607.87
黄金,2015/10/28,694.34,-1.2,26324920907.51
黄金,2015/10/23,695.54,-1.78,25961174494.28
黄金,2015/10/19,697.32,3.57,26346266192.84
黄金,2015/10/16,693.75,-6.25,26333637517.3
黄金,2015/10/15,700,5.06,26647891262.03
黄金,2015/10/14,694.94,7.74,26224158395.02
黄金,2015/10/7,687.2,-1.78,25286504589.91
黄金,2015/10/5,688.98,-0.22,25245389339.97
黄金,2015/10/1,689.2,1.78,24786702752.03
黄金,2015/9/30,687.42,3.28,24612169699.11
黄金,2015/9/25,684.14,3.87,25214345700.3
黄金,2015/9/24,680.27,3.87,25243545944.86
黄金,2015/9/23,676.4,0.6,24596639582.44
黄金,2015/9/22,675.8,1.19,24391639382.62
黄金,2015/9/21,674.61,-3.57,24573371906.75
黄金,2015/9/9,678.18,-4.17,24196605362.62
黄金,2015/9/4,682.35,-0.24,24531067447.14
黄金,2015/8/27,682.59,1.49,24549706734
黄金,2015/8/24,681.1,3.27,25537079558
黄金,2015/8/21,677.83,2.39,25197046589.86
黄金,2015/8/20,675.44,3.57,24917575537.21
黄金,2015/8/12,671.87,4.18,24167790294.7
黄金,2015/8/7,667.69,-0.24,23471566552.87
黄金,2015/8/5,667.93,-2.69,23291692289.99
黄金,2015/8/4,670.62,-2.08,23505194733.32
黄金,2015/7/31,672.7,-7.45,23747009589.68
黄金,2015/7/24,680.15,-4.48,23627121798.44
黄金,2015/7/23,684.63,-2.68,24148145141.29
黄金,2015/7/22,687.31,-2.38,24048608794.45
黄金,2015/7/21,689.69,-4.77,24509302764.3
黄金,2015/7/20,694.46,-1.79,24656786754.89
黄金,2015/7/17,696.25,-11.63,25352396656.4
黄金,2015/7/16,707.88,-1.19,26040128124.22
黄金,2015/7/13,709.07,1.49,26303719568.36
黄金,2015/7/9,707.58,-1.79,26482749151.97
黄金,2015/7/8,709.37,-0.28,26418860524.35
黄金,2015/7/2,709.65,-1.79,26574613793.57
黄金,2015/6/26,711.44,-1.79,26763481798.11
黄金,2015/6/25,713.23,6.86,26880406984.01
黄金,2015/6/24,706.37,0.9,26647106724.47
黄金,2015/6/22,705.47,3.57,26880442376
黄金,2015/6/15,701.9,-2.08,26653592995.24
黄金,2015/6/12,703.98,-0.24,26765452364.84
黄金,2015/6/10,704.22,-1.5,26895094641.03
黄金,2015/6/9,705.72,-2.98,26700518039.61
黄金,2015/6/5,708.7,-1.19,26522931945.97
黄金,2015/6/2,709.89,-4.18,27212113549.07
黄金,2015/6/1,714.07,-1.79,27535553642.95
黄金,2015/5/26,715.86,0.6,27272670485.42
黄金,2015/5/20,715.26,-2.98,27828957196.66
黄金,2015/5/18,718.24,-5.67,28245868842.96
黄金,2015/5/14,723.91,-4.41,28504989064.78
黄金,2015/5/8,728.32,-10.75,27758091585.5
黄金,2015/5/7,739.07,-2.68,28191707581.67
黄金,2015/5/1,741.75,2.39,28032517311.57
黄金,2015/4/30,739.36,0.3,28044794460.62
黄金,2015/4/27,739.06,-3.29,28503702117.9
黄金,2015/4/21,742.35,3.29,28520020958.38
黄金,2015/4/17,739.06,2.98,28586407555.24
黄金,2015/4/14,736.08,1.79,28268361935.9
黄金,2015/4/10,734.29,-1.75,28498289018.04
黄金,2015/4/9,736.04,2.98,28259535407.73
黄金,2015/4/7,733.06,-2.39,28527323401.82
黄金,2015/4/6,735.45,-1.79,28325030948.73
黄金,2015/3/26,737.24,-5.97,28507664986.23
黄金,2015/3/25,743.21,-1.19,28558498582.27
黄金,2015/3/20,744.4,-5.37,28306785950.62
黄金,2015/3/18,749.77,1.79,27647587695.7
黄金,2015/3/17,747.98,-2.69,27665995854.05
黄金,2015/3/13,750.67,-0.28,27796780925.45
黄金,2015/3/12,750.95,-2.09,27803121476.21
黄金,2015/3/9,753.04,-3.28,28274882229.44
黄金,2015/3/6,756.32,-4.48,28575487307.11
黄金,2015/3/3,760.8,-2.69,29650768495.67
黄金,2015/3/2,763.49,-7.76,29749730908.43
黄金,2015/2/20,771.25,1.79,29950246279.93
黄金,2015/2/19,769.46,1.5,29911899491.43
黄金,2015/2/18,767.96,-0.3,29767749973.66
黄金,2015/2/13,768.26,-3.25,30435542815.78
黄金,2015/2/12,771.51,-1.8,30306162574.28
黄金,2015/2/5,773.31,5.38,31292638871.86
黄金,2015/2/4,767.93,2.99,31303713217.07
黄金,2015/2/3,764.94,-1.79,31077727515.78
黄金,2015/2/2,766.73,8.36,31354280412.08
黄金,2015/1/29,758.37,5.67,30922060429.29
黄金,2015/1/27,752.7,9.26,31169198430.51
黄金,2015/1/26,743.44,1.79,30612661574.81
黄金,2015/1/23,741.65,1.2,30861750624.47
黄金,2015/1/21,740.45,-1.79,30782931535.85
黄金,2015/1/20,742.24,11.35,30744451346.36
黄金,2015/1/16,730.89,13.74,30011080352.69
黄金,2015/1/15,717.15,9.56,29020451727.05
黄金,2015/1/14,707.59,-0.23,28087831657.08
黄金,2015/1/9,707.82,2.99,27696798547.01
黄金,2015/1/7,704.83,-2.99,27416146761.15
黄金,2015/1/6,707.82,-2.99,27527027850.79
黄金,2015/1/5,710.81,1.79,27409331483.77
黄金,2014/12/31,709.02,-1.79,27324554515.52
黄金,2014/12/30,710.81,-1.49,27548231536.93
黄金,2014/12/26,712.3,-0.6,26943209655.54
黄金,2014/12/23,712.9,-11.65,26938058527.69
黄金,2014/12/19,724.55,2.99,27839848297.58
黄金,2014/12/16,721.56,-1.8,27888303038.13
黄金,2014/12/15,723.36,-2.39,28114908296.51
黄金,2014/12/11,725.75,0.95,28372427265.93
黄金,2014/12/10,724.8,2.99,28623109104.79
黄金,2014/12/9,721.81,2.69,28458925481.46
黄金,2014/12/8,719.12,-1.79,27567038360.54
黄金,2014/12/5,720.91,0.89,27659899890.63
黄金,2014/12/2,720.02,2.39,27649546834.95
黄金,2014/11/28,717.63,-1.19,27276252340.55
黄金,2014/11/26,718.82,-2.09,27663199748.52
黄金,2014/11/19,720.91,-2.1,27711114271.38
黄金,2014/11/17,723.01,2.39,27478365145.94
黄金,2014/11/13,720.62,-2.05,26907896181.7
黄金,2014/11/12,722.67,-1.79,27039077181.41
黄金,2014/11/11,724.46,-0.9,26920187252.53
黄金,2014/11/10,725.36,-1.79,27082092486.31
黄金,2014/11/7,727.15,-5.68,26974648792.04
黄金,2014/11/6,732.83,-2.99,26961941097.64
黄金,2014/11/5,735.82,-3,27001314477.05
黄金,2014/11/4,738.82,-2.39,27693332861.2
黄金,2014/11/3,741.21,0.01,27813120282.8
黄金,2014/10/30,741.2,-1.2,28630526129.95
黄金,2014/10/29,742.4,-1.19,29190235216.47
黄金,2014/10/28,743.59,-1.8,29375065420.2
黄金,2014/10/24,745.39,-4.48,29531132372.08
黄金,2014/10/22,749.87,-2.09,29974739496.38
黄金,2014/10/20,751.96,-8.97,30077227278.24
黄金,2014/10/16,760.93,1.79,30272332550.53
黄金,2014/10/15,759.14,-2.09,30195164727.7
黄金,2014/10/13,761.23,1.79,30071075564.45
黄金,2014/10/10,759.44,-2.64,29756994583.34
黄金,2014/10/8,762.08,-5.39,29802407091.76
黄金,2014/10/2,767.47,-1.19,29885429308.05
黄金,2014/10/1,768.66,-1.2,30049750514.5
黄金,2014/9/30,769.86,-2.39,30096868587.62
黄金,2014/9/26,772.25,-1.2,30123489969.15
黄金,2014/9/23,773.45,-1.2,30376321890.12
黄金,2014/9/22,774.65,-1.79,30211961481.73
黄金,2014/9/19,776.44,-7.78,30438997386.66
黄金,2014/9/16,784.22,-4.18,31060156236.32
黄金,2014/9/11,788.4,-0.32,31455906140.06
黄金,2014/9/10,788.72,3,31703491418.63
黄金,2014/9/4,785.72,-4.79,32103134828.06
黄金,2014/9/3,790.51,-2.69,32146670695.68
黄金,2014/9/2,793.2,-1.8,32294827053.25
黄金,2014/8/29,795,-0.6,32848632296.66
黄金,2014/8/26,795.6,-1.49,32880844224.67
黄金,2014/8/25,797.09,-2.99,32718818666.55
黄金,2014/8/20,800.08,0.89,33300074877.98
黄金,2014/8/19,799.19,1.5,33301607589.12
黄金,2014/8/18,797.69,2.09,33246020937.08
黄金,2014/8/13,795.6,-0.26,33550599807.99
黄金,2014/8/8,795.86,-1.79,33494864508.05
黄金,2014/8/6,797.65,-2.4,33487860750.71
黄金,2014/8/4,800.05,-1.79,33177597400.53
黄金,2014/7/24,801.84,-3.6,33314122214.38
黄金,2014/7/23,805.44,0.6,33858675223.01
黄金,2014/7/22,804.84,1.5,33892093956.73
黄金,2014/7/21,803.34,-1.8,33861706600.76
黄金,2014/7/18,805.14,1.8,33828529787.97
黄金,2014/7/17,803.34,-2.69,33630733760.86
黄金,2014/7/16,806.03,-2.7,33705044100.49
黄金,2014/7/14,808.73,8.68,33948478980.04
黄金,2014/7/10,800.05,-0.23,34466468391.56
黄金,2014/7/8,800.28,2.09,34023377734.11
黄金,2014/7/7,798.19,1.8,33677991017.45
黄金,2014/7/1,796.39,5.69,33975657646.67
黄金,2014/6/30,790.7,5.68,33415478770.44
黄金,2014/6/23,785.02,2.4,33139677686.77
黄金,2014/6/17,782.62,-0.26,31883226965.94
黄金,2014/6/16,782.88,-4.2,32103818200.22
黄金,2014/6/3,787.08,1.8,31432637290.13
黄金,2014/5/27,785.28,8.39,32190124303.48
黄金,2014/5/21,776.89,-3.3,32141847084.94
黄金,2014/5/20,780.19,-1.79,32485494156.66
黄金,2014/5/16,781.98,-0.27,32461206072.33
黄金,2014/5/15,782.25,1.79,32650188435.37
黄金,2014/5/12,780.46,-2.39,32569929441.09
黄金,2014/5/2,782.85,-2.7,32233082656.69
黄金,2014/5/1,785.55,-2.39,32275046123.27
黄金,2014/4/30,787.94,-4.2,32627245219.45
黄金,2014/4/21,792.14,-3,33071658035.22
黄金,2014/4/17,795.14,-3.29,33198242517.36
黄金,2014/4/16,798.43,-8.39,33400431921.35
黄金,2014/4/15,806.82,0.6,33661067100.58
黄金,2014/4/14,806.22,1.8,34355730167
黄金,2014/4/11,804.42,-1.8,34079784527.33
黄金,2014/4/10,806.22,-0.26,34221145210.15
黄金,2014/4/8,806.48,-2.7,33936668221.43
黄金,2014/4/4,809.18,-1.8,33732998206.14
黄金,2014/4/1,810.98,-2.1,33457098648.44
黄金,2014/3/31,813.08,-3.89,33753176183.71
黄金,2014/3/26,816.97,-1.8,34238598727.03
黄金,2014/3/25,818.77,-2.7,34564443087.27
黄金,2014/3/24,821.47,4.5,34606099887.5
黄金,2014/3/21,816.97,4.19,35081024517.72
黄金,2014/3/17,812.78,-3.81,36012916248.53
黄金,2014/3/14,816.59,3.29,36344170039.86
黄金,2014/3/13,813.3,2.1,35772839054.92
黄金,2014/3/12,811.2,-1.5,35609173800.82
黄金,2014/3/10,812.7,7.5,35100933021.63
黄金,2014/3/7,805.2,1.5,34551741443
黄金,2014/2/25,803.7,2.09,34588076468.17
黄金,2014/2/24,801.61,3.3,34388579769.3
黄金,2014/2/21,798.31,2.7,33953018957.92
黄金,2014/2/19,795.61,-5.64,33768622333.06
黄金,2014/2/14,801.25,-5.1,33986718950.77
黄金,2014/2/13,806.35,7.5,33581210266.87
黄金,2014/2/11,798.85,1.8,32910037828.96
黄金,2014/2/4,797.05,3.89,32024744515.57
黄金,2014/1/30,793.16,0.6,31672175378.01
黄金,2014/1/29,792.56,2.1,32196415620.07
黄金,2014/1/23,790.46,-5.39,32087806478.44
黄金,2014/1/22,795.85,-1.2,31744430858.67
黄金,2014/1/17,797.05,7.49,32024677985.55
黄金,2014/1/14,789.56,-3.56,31762468585.83
黄金,2014/1/8,793.12,-1.5,31119558667.71
黄金,2014/1/2,794.62,-3.6,31282692131.29
黄金,2013/12/30,798.22,-3,30899373165.58
黄金,2013/12/27,801.22,-3,31274161771.7
黄金,2013/12/26,804.22,-1.5,30926221124.14
黄金,2013/12/23,805.72,-8.4,31049699685.54
黄金,2013/12/20,814.12,5.4,31276369496.81
黄金,2013/12/19,808.72,-3.9,31088700829.26
黄金,2013/12/18,812.62,-4.2,32140372067.64
黄金,2013/12/17,816.82,-2.08,32339714500.41
黄金,2013/12/16,818.9,-8.7,32490340643.6
黄金,2013/12/12,827.6,-6,32584387238.08
黄金,2013/12/11,833.6,-2.11,33772566237.33
黄金,2013/12/6,835.71,-3,33113922594.96
黄金,2013/12/4,838.71,-2.7,33085282872.35
黄金,2013/12/3,841.41,-1.8,32914937119.89
黄金,2013/11/27,843.21,-5.7,33739906910.53
黄金,2013/11/25,848.91,-3.3,33914281540.99
黄金,2013/11/22,852.21,-4.5,34136366270.68
黄金,2013/11/21,856.71,-3.6,34144953076.76
黄金,2013/11/20,860.31,-2.7,34759113185.94
黄金,2013/11/19,863.01,-1.5,35388898678.84
黄金,2013/11/18,864.51,-1.2,35666243863.19
黄金,2013/11/13,865.71,-2.71,35411572739.82
黄金,2013/11/6,868.42,2.1,36810857523.61
黄金,2013/11/1,866.32,-5.7,36382560915.31
黄金,2013/10/25,872.02,-4.5,37774542000.38
黄金,2013/10/24,876.52,-1.8,37885531290.35
黄金,2013/10/22,878.32,6.6,37632424689.56
黄金,2013/10/21,871.72,-10.51,36915373555.77
黄金,2013/10/17,882.23,-3.3,37411717810.06
黄金,2013/10/16,885.53,-3.6,36249668526.43
黄金,2013/10/14,889.13,-1.85,36741009270.63
黄金,2013/10/11,890.98,-5.4,36231331595.19
黄金,2013/10/10,896.38,-1.8,37402657257.93
黄金,2013/10/8,898.18,-1.81,38373889372.45
黄金,2013/10/3,899.99,-1.8,38062351936.32
黄金,2013/10/2,901.79,-4.2,37856311144.66
黄金,2013/9/27,905.99,-3.6,39047179278.07
黄金,2013/9/23,909.59,-0.6,38677842619.53
黄金,2013/9/20,910.19,-1.81,39472849814.14
黄金,2013/9/19,912,0.88,40027923190.95
黄金,2013/9/13,911.12,-6.01,38600943636.26
黄金,2013/9/9,917.13,-2.1,40965586017.61
黄金,2013/9/3,919.23,-1.8,41343003085.28
黄金,2013/8/27,921.03,0.9,42012112172.47
黄金,2013/8/23,920.13,6.61,40737697245.12
黄金,2013/8/21,913.52,-0.6,40020015488.09
黄金,2013/8/20,914.12,1.8,40325987379.29
黄金,2013/8/19,912.32,-3,40026900375.65
黄金,2013/8/16,915.32,2.4,40285135628.93
黄金,2013/8/15,912.92,-0.31,39020396305.12
黄金,2013/8/14,913.23,2.1,38925399522.38
黄金,2013/8/9,911.13,1.8,38325191283.58
黄金,2013/8/8,909.33,-1.2,37935459343.37
黄金,2013/8/7,910.53,-4.51,37524966046.58
黄金,2013/8/6,915.04,-2.1,37652369160.79
黄金,2013/8/5,917.14,-1.5,38454426588.55
黄金,2013/8/2,918.64,-2.41,38651623804.88
黄金,2013/8/1,921.05,-6.3,38923502753.97
黄金,2013/7/25,927.35,-2.41,39521275234.12
黄金,2013/7/23,929.76,-1.5,39848828044.26
黄金,2013/7/22,931.26,-1.2,39719066805.06
黄金,2013/7/19,932.46,-2.71,38834773784.6
黄金,2013/7/18,935.17,-0.9,38572041672.99
黄金,2013/7/17,936.07,-1.5,39030998634.26
黄金,2013/7/16,937.57,-1.5,38920769924.73
黄金,2013/7/10,939.07,-0.68,37913885843.09
黄金,2013/7/9,939.75,-7.21,37911330905.63
黄金,2013/7/8,946.96,-15.03,37586383133.86
黄金,2013/7/5,961.99,-2.7,37488523012.97
黄金,2013/7/2,964.69,-3.61,38828132716.99
黄金,2013/7/1,968.3,-1.2,38670267460.08
黄金,2013/6/25,969.5,-16.23,39850720922.38
黄金,2013/6/24,985.73,-4.21,40764255081.32
黄金,2013/6/21,989.94,-5.41,41210241476.26
黄金,2013/6/20,995.35,-4.21,41348020663.61
黄金,2013/6/19,999.56,-2.1,44102345658.86
黄金,2013/6/18,1001.66,-1.51,44002477798.26
黄金,2013/6/17,1003.17,-0.36,44649562092.21
黄金,2013/6/13,1003.53,-6.32,44659592431.27
黄金,2013/6/10,1009.85,2.71,44885377597.31
黄金,2013/6/7,1007.14,-0.6,44855561784.28
黄金,2013/6/6,1007.74,-2.71,45336447930.04
黄金,2013/6/4,1010.45,-2.7,45443001669.27
黄金,2013/5/29,1013.15,0.9,45014000484.25
黄金,2013/5/28,1012.25,-3.91,44779128250.53
黄金,2013/5/24,1016.16,-2.41,45403329389.38
黄金,2013/5/23,1018.57,-1.5,45192062884.42
黄金,2013/5/22,1020.07,-3.01,46177588348.63
黄金,2013/5/21,1023.08,-8.42,44743633981.45
黄金,2013/5/20,1031.5,-6.91,44913515006.1
黄金,2013/5/17,1038.41,-3.01,45683673531.34
黄金,2013/5/16,1041.42,-5.71,46226678769.31
黄金,2013/5/15,1047.13,-4.52,47457214019.31
黄金,2013/5/10,1051.65,-2.53,48222241839.79
黄金,2013/5/9,1054.18,2.71,49641145891.06
黄金,2013/5/8,1051.47,-6.32,49598663634.66
黄金,2013/5/7,1057.79,-4.51,49089603244.29
黄金,2013/5/6,1062.3,-3.31,50153477240
黄金,2013/5/3,1065.61,-3.6,50311416921.4
黄金,2013/5/2,1069.21,-6.02,50482469170.27
黄金,2013/5/1,1075.23,-3.31,50265932624.36
黄金,2013/4/30,1078.54,-2.1,50915370152.45
黄金,2013/4/29,1080.64,-2.41,50963257613.21
黄金,2013/4/26,1083.05,-7.22,51217760120.59
黄金,2013/4/25,1090.27,-2.71,50841279684.04
黄金,2013/4/24,1092.98,-4.21,50177476856.82
黄金,2013/4/23,1097.19,-7.52,49648292181.73
黄金,2013/4/22,1104.71,-18.35,50575308522.28
黄金,2013/4/19,1123.06,-9.93,50731338293.05
黄金,2013/4/18,1132.99,-1.8,50752475419.73
黄金,2013/4/17,1134.79,-11.13,50770064802.05
黄金,2013/4/16,1145.92,-8.42,50826658218.57
黄金,2013/4/15,1154.34,-4.22,51757644637.17
黄金,2013/4/12,1158.56,-22.86,57181811073.31
黄金,2013/4/11,1181.42,-2.11,59431757788.09
黄金,2013/4/10,1183.53,-16.84,59918891915.64
黄金,2013/4/9,1200.37,-4.94,60859547550.66
黄金,2013/4/5,1205.31,-0.91,60732613230.94
黄金,2013/4/3,1206.22,-2.7,61041212139.27
黄金,2013/4/2,1208.92,-8.13,61519081204
黄金,2013/4/1,1217.05,-4.21,62510516263.53
黄金,2013/3/21,1221.26,-0.9,63343156043.24
黄金,2013/3/19,1222.16,2.71,63273500202.89
黄金,2013/3/18,1219.45,-13.55,62859483956.67
黄金,2013/3/15,1233,-3.31,63232785663.38
黄金,2013/3/12,1236.31,-0.42,63345055172.55
黄金,2013/3/11,1236.73,-3.01,62749318115.43
黄金,2013/3/8,1239.74,-3.31,63013786668.37
黄金,2013/3/7,1243.05,-1.81,63092920474.61
黄金,2013/3/5,1244.86,-8.42,63196013615.38
黄金,2013/3/4,1253.28,-0.6,63403125256.76
黄金,2013/3/1,1253.88,-0.61,63758194679.23
黄金,2013/2/28,1254.49,-3.91,64041598547.02
黄金,2013/2/27,1258.4,-12.04,64879370578.91
黄金,2013/2/26,1270.44,-2.41,64939460924.39
黄金,2013/2/25,1272.85,-7.82,64889386959.25
黄金,2013/2/22,1280.67,-9.64,64889199297.72
黄金,2013/2/21,1290.31,-8.88,65398890959.85
黄金,2013/2/20,1299.19,-20.77,66307315632.08
黄金,2013/2/19,1319.96,-3.01,68185782768.42
黄金,2013/2/14,1322.97,-3.02,69972101569.22
黄金,2013/2/13,1325.99,-0.9,70089555559.36
黄金,2013/2/8,1326.89,-3.01,71133054815.48
黄金,2013/2/7,1329.9,1.81,71284629268.56
黄金,2013/1/28,1328.09,-1.81,70704517615.74
黄金,2013/1/25,1329.9,-1.81,70952718638.63
黄金,2013/1/24,1331.71,-2.4,71520894656.11
黄金,2013/1/23,1334.11,-1.81,72476792814.32
黄金,2013/1/22,1335.92,3.31,72586510829.8
黄金,2013/1/17,1332.61,-1.81,71746346928.84
黄金,2013/1/16,1334.42,-2.41,71898067950.75
黄金,2013/1/15,1336.83,-0.9,72211361939.54
黄金,2013/1/10,1337.73,-2.11,72027544635.28
黄金,2013/1/8,1339.84,-0.9,71324184298.21
黄金,2013/1/7,1340.74,-1.35,70909680780.98
黄金,2013/1/4,1342.09,1.81,71078470672.59
黄金,2013/1/3,1340.28,-9.64,72340874457.66
黄金,2013/1/2,1349.92,-0.9,73480577641.65
黄金,2012/12/21,1350.82,0.3,71704342266.9
黄金,2012/12/17,1350.52,-0.9,73612875345.04
黄金,2012/12/11,1351.42,-1.93,74286157252.72
黄金,2012/12/7,1353.35,1.81,74002379642.15
黄金,2012/12/5,1351.54,0.3,73579206708.59
黄金,2012/12/4,1351.24,2.41,73726517141.37
黄金,2012/11/30,1348.83,1.81,74823307085.92
黄金,2012/11/28,1347.02,1.21,73945078816.35
黄金,2012/11/27,1345.81,3.61,75534752022.84
黄金,2012/11/19,1342.2,-0.43,74658653247.28
黄金,2012/11/16,1342.63,3.01,73927254789.6
黄金,2012/11/15,1339.62,3.32,73611301419.07
黄金,2012/11/14,1336.3,-2.41,74106532724.05
黄金,2012/11/9,1338.71,-0.91,74782395223.22
黄金,2012/11/8,1339.62,2.41,73918506552.89
黄金,2012/11/7,1337.21,2.72,73710981765.66
黄金,2012/11/6,1334.49,2.11,72521752497.25
黄金,2012/11/5,1332.38,-3.92,72086567425.32
黄金,2012/10/26,1336.3,-0.6,73702957603.51
黄金,2012/10/22,1336.9,2.71,74201507381.32
黄金,2012/10/19,1334.19,0.3,74493019219.15
黄金,2012/10/15,1333.89,-6.63,74436576484.18
黄金,2012/10/8,1340.52,7.08,76428784679.03
黄金,2012/10/4,1333.44,9.04,76784773291.37
黄金,2012/10/3,1324.4,1.81,75561982869.74
黄金,2012/10/1,1322.59,1.81,75960025711.56
黄金,2012/9/26,1320.78,-10.55,74066093454.96
黄金,2012/9/25,1331.33,4.52,75803893441.72
黄金,2012/9/24,1326.81,9.05,75163192638.45
黄金,2012/9/21,1317.76,9.35,75585149725.4
黄金,2012/9/20,1308.41,3.01,73955922291.8
黄金,2012/9/19,1305.4,2.11,74132496237.19
黄金,2012/9/18,1303.29,1.81,74128635583.17
黄金,2012/9/14,1301.48,9.05,74280007904.02
黄金,2012/9/13,1292.43,3.01,72008769822.87
黄金,2012/9/12,1289.42,-3.72,71996966574.93
黄金,2012/9/4,1293.14,3.62,70525454209.46
黄金,2012/8/28,1289.52,3.02,69130954917.13
黄金,2012/8/23,1286.5,4.52,68859227931.9
黄金,2012/8/22,1281.98,3.02,67659450898.13
黄金,2012/8/21,1278.96,4.22,67398152701.61
黄金,2012/8/17,1274.74,11.16,66164105540.61
黄金,2012/8/16,1263.58,5.43,65168987766.06
黄金,2012/8/10,1258.15,3.21,65459473306.63
黄金,2012/8/3,1254.94,3.02,64610333008.92
黄金,2012/7/31,1251.92,3.31,65262067469.65
黄金,2012/7/27,1248.61,-3.92,64941300859
黄金,2012/7/25,1252.53,-2.11,64452136393.12
黄金,2012/7/20,1254.64,-2.41,63565972463.21
黄金,2012/7/19,1257.05,-9.06,64002219520.48
黄金,2012/7/16,1266.11,-3.62,64699393011.45
黄金,2012/7/12,1269.73,-1.51,63519742341.02
黄金,2012/7/10,1271.24,-4.22,65190623676
黄金,2012/7/9,1275.46,-3.62,64987696224.58
黄金,2012/7/6,1279.08,-0.43,65256619163.8
黄金,2012/6/29,1279.51,-2.11,65734737787.06
黄金,2012/6/18,1281.62,4.23,66551629164.24
黄金,2012/6/14,1277.39,3.02,66252918781.43
黄金,2012/6/12,1274.37,-0.42,65688052724.44
黄金,2012/6/6,1274.79,0.91,66983367388.28
黄金,2012/6/1,1273.88,3.62,65751623835.55
黄金,2012/5/24,1270.26,2.11,64038665122.22
黄金,2012/5/23,1268.15,2.72,63137727037.44
黄金,2012/5/22,1265.43,-17.51,64366030329.41
黄金,2012/5/18,1282.94,4.23,65548614661.31
黄金,2012/5/17,1278.71,2.11,63873827805.04
黄金,2012/5/16,1276.6,-0.51,63543181223.3
黄金,2012/5/10,1277.11,2.12,65600415285.36
黄金,2012/5/7,1274.99,0.9,67348822751.58
黄金,2012/5/1,1274.09,-4.22,68134861052.16
黄金,2012/4/30,1278.31,-6.05,67837795261.04
黄金,2012/4/27,1284.36,2.42,68666554258.66
黄金,2012/4/23,1281.94,-4.23,67118365024.39
黄金,2012/4/10,1286.17,-0.45,67969796016.77
黄金,2012/3/27,1286.62,-2.12,69965807277.91
黄金,2012/3/26,1288.74,6.05,69594770327.9
黄金,2012/3/22,1282.69,-7.56,67425862970.49
黄金,2012/3/20,1290.25,-3.02,68706042954.09
黄金,2012/3/13,1293.27,-0.41,70254778115.43
黄金,2012/2/29,1293.68,9.07,73592223807.13
黄金,2012/2/24,1284.61,1.81,73390036951.54
黄金,2012/2/23,1282.8,1.21,73266582467.61
黄金,2012/2/21,1281.59,0.31,72004175950.96
黄金,2012/2/16,1281.28,3.02,70549272793.62
黄金,2012/2/14,1278.26,-0.39,70754228534.78
黄金,2012/2/10,1278.65,0.31,70325658877.69
黄金,2012/2/9,1278.34,1.2,71809945518.66
黄金,2012/2/2,1277.14,6.05,71870620610.85
黄金,2012/1/27,1271.09,9.98,70513224606.52
黄金,2012/1/26,1261.11,1.51,70000898214.51
黄金,2012/1/25,1259.6,9.07,66799427606.68
黄金,2012/1/23,1250.53,-5.14,67344983810.84
黄金,2012/1/17,1255.67,1.51,66839003007.06
黄金,2012/1/11,1254.16,-0.41,65895926430.52
黄金,2011/12/22,1254.57,-13.31,64780620752.6
黄金,2011/12/21,1267.88,-12.1,65529809105.18
黄金,2011/12/15,1279.98,-14.82,64760375623.95
黄金,2011/12/12,1294.8,-0.6,69071861155.17
黄金,2011/12/9,1295.4,-0.41,71168045704.04
黄金,2011/12/7,1295.81,-2.12,72273637041.64
黄金,2011/12/1,1297.93,-0.6,73085080689.02
黄金,2011/11/30,1298.53,1.21,72869465142.49
黄金,2011/11/22,1297.32,6.05,70847360778.48
黄金,2011/11/21,1291.27,-1.82,70642156726.13
黄金,2011/11/18,1293.09,3.63,71450583605.85
黄金,2011/11/17,1289.46,12.1,72224952935.91
黄金,2011/11/16,1277.36,9.08,72102146730.26
黄金,2011/11/14,1268.28,-0.39,72406799625.95
黄金,2011/11/10,1268.67,1.52,71594183614.08
黄金,2011/11/9,1267.15,3.02,72650277354.89
黄金,2011/11/8,1264.13,8.48,72924586482.03
黄金,2011/11/7,1255.65,10.59,71911603075.94
黄金,2011/11/4,1245.06,1.51,69986144888.43
黄金,2011/10/27,1243.55,-0.61,68667711412.65
黄金,2011/10/25,1244.16,10.6,66222589868.03
黄金,2011/10/24,1233.56,6.05,65500726877.14
黄金,2011/10/13,1227.51,-0.48,65344961693.56
黄金,2011/10/10,1227.99,-1.52,65544524612.3
黄金,2011/10/4,1229.51,-2.72,64720418048.05
黄金,2011/10/3,1232.23,0.3,65557901756.66
黄金,2011/9/29,1231.93,-9.99,63861282038.44
黄金,2011/9/27,1241.92,-4.84,66217485243.27
黄金,2011/9/26,1246.76,-5.45,64031397228.12
黄金,2011/9/20,1252.21,0.3,72408066281.23
黄金,2011/9/16,1251.91,10.6,72192471522.84
黄金,2011/9/13,1241.31,-0.61,72621266207.79
黄金,2011/9/9,1241.92,10.51,73897713175.08
黄金,2011/9/8,1231.41,-0.9,73408179821.38
黄金,2011/8/30,1232.31,1.51,72281006961.78
黄金,2011/8/26,1230.8,-1.51,70731139466.58
黄金,2011/8/24,1232.31,-27.26,70106546960.37
黄金,2011/8/23,1259.57,-24.83,75950980961.26
黄金,2011/8/22,1284.4,-6.36,77511602759.04
黄金,2011/8/19,1290.76,3.93,76673809508.35
黄金,2011/8/18,1286.83,14.85,75447775899.29
黄金,2011/8/17,1271.98,9.08,73187865266.65
黄金,2011/8/16,1262.9,2.73,72361240659.64
黄金,2011/8/12,1260.17,-12.72,70324146399.17
黄金,2011/8/11,1272.89,-23.63,72017123918.29
黄金,2011/8/10,1296.52,-0.38,73854964599.14
黄金,2011/8/9,1296.9,-13.02,72354697364.73
黄金,2011/8/8,1309.92,23.62,71271467987.54
黄金,2011/8/3,1286.3,4.55,69007098493.89
黄金,2011/8/2,1281.75,18.17,67465906406.61
黄金,2011/7/29,1263.58,0.61,66136059466.4
黄金,2011/7/28,1262.97,18.17,65495975965.17
黄金,2011/7/27,1244.8,3.03,65014090576.98
黄金,2011/7/22,1241.77,-0.91,63941096777.12
黄金,2011/7/21,1242.68,-3.33,63948653675.75
黄金,2011/7/19,1246.01,-3.33,64121580210.79
黄金,2011/7/18,1249.34,13.33,64213481002.67
黄金,2011/7/15,1236.01,10.6,63053414426.53
黄金,2011/7/12,1225.41,20,61076403342.23
黄金,2011/7/8,1205.41,-0.4,59733438304.25
黄金,2011/7/1,1205.81,-2.42,57470000538.8
黄金,2011/6/29,1208.23,-0.91,58412323107.67
黄金,2011/6/17,1209.14,9.09,59756671340.14
黄金,2011/6/13,1200.05,-0.91,58875785202.17
黄金,2011/6/10,1200.96,-10.61,59038175168.53
黄金,2011/6/8,1211.57,-1.3,59892124123.32
黄金,2011/6/1,1212.87,2.13,59785707149.22
黄金,2011/5/31,1210.74,-2.43,59788784473.86
黄金,2011/5/27,1213.17,-0.91,59774677267.92
黄金,2011/5/24,1214.08,4.55,59587251642.35
黄金,2011/5/23,1209.53,7.58,58723026959.21
黄金,2011/5/20,1201.95,10.61,57593678668.95
黄金,2011/5/18,1191.34,-0.91,57306651050.28
黄金,2011/5/13,1192.25,-0.91,57708124478.59
黄金,2011/5/12,1193.16,-7.88,57129414755.57
黄金,2011/5/11,1201.04,-0.91,58221893790.34
黄金,2011/5/9,1201.95,-3.44,58035405362.86
黄金,2011/5/6,1205.39,-3.03,57583017941.9
黄金,2011/5/5,1208.42,-11.52,58680421117.28
黄金,2011/5/4,1219.94,-4.55,60417442186.78
黄金,2011/5/3,1224.49,-5.15,60613906486.77
黄金,2011/4/21,1229.64,-0.61,59443939262.66
黄金,2011/4/19,1230.25,-0.91,58940592087.1
黄金,2011/4/15,1231.16,18.2,58442495941.14
黄金,2011/4/13,1212.96,-3.34,56829146900.14
黄金,2011/4/12,1216.3,-0.91,56712353938
黄金,2011/4/7,1217.21,11.74,57110134479.66
黄金,2011/4/6,1205.47,-7.28,56619016726.38
黄金,2011/4/5,1212.75,1.52,55869916371.25
黄金,2011/3/31,1211.23,-0.61,56017247422.78
黄金,2011/3/28,1211.84,-2.12,55189981917.08
黄金,2011/3/24,1213.96,-0.91,56460057054.12
黄金,2011/3/22,1214.87,-0.91,55683382619.69
黄金,2011/3/21,1215.78,-10.62,55960245131.19
黄金,2011/3/18,1226.4,9.1,55977729342.36
黄金,2011/3/16,1217.3,4.56,54858999101.12
黄金,2011/3/15,1212.74,-0.91,54596005689.26
黄金,2011/3/14,1213.65,-1.83,55486271947.86
黄金,2011/3/11,1215.48,-1.82,55151222698.7
黄金,2011/3/7,1217.3,6.68,56253831093.39
黄金,2011/3/3,1210.62,-0.34,55325036723.82
黄金,2011/2/28,1210.96,-0.61,54918058337.63
黄金,2011/2/24,1211.57,-6.67,54967460503.08
黄金,2011/2/22,1218.24,-4.86,54860336577.81
黄金,2011/2/18,1223.1,-0.91,54393245857.75
黄金,2011/2/15,1224.01,-1.52,54012473769.98
黄金,2011/2/10,1225.53,-0.91,53314049048.55
黄金,2011/2/9,1226.44,-2.12,53817558934.99
黄金,2011/2/8,1228.56,-0.3,53852125757.16
黄金,2011/2/4,1228.86,-0.42,53531947974
黄金,2011/2/3,1229.28,2.13,52465427153.14
黄金,2011/1/31,1227.15,3.03,52336996928.51
黄金,2011/1/28,1224.12,-2.43,51894370566.81
黄金,2011/1/27,1226.55,-3.03,52609143059
黄金,2011/1/25,1229.58,-31.26,52325428058.58
黄金,2011/1/24,1260.84,-10.93,54426971453.54
黄金,2011/1/21,1271.77,20.34,54921017675.16
黄金,2011/1/19,1251.43,-5.47,55190474116.29
黄金,2011/1/18,1256.9,-2.43,55331061800.16
黄金,2011/1/14,1259.33,-5.76,55339184326.3
黄金,2011/1/13,1265.09,-6.38,56183048736.99
黄金,2011/1/11,1271.47,-1.21,56160832971
黄金,2011/1/10,1272.68,1.52,55979810386.01
黄金,2011/1/7,1271.16,-1.52,55863791250.72
黄金,2011/1/5,1272.68,-3.79,55972646803.36
黄金,2011/1/4,1276.47,-4.25,56961453600.36
黄金,2010/12/30,1280.72,-3.34,57854361055.93
黄金,2010/12/28,1284.06,-0.91,56974451221.59
黄金,2010/12/23,1284.97,-3.65,56728809845.44
黄金,2010/12/22,1288.62,-9.41,57449637121.81
黄金,2010/12/21,1298.03,-0.91,57703075351.08
黄金,2010/12/17,1298.94,15.18,57140542843.62
黄金,2010/12/16,1283.76,-2.43,56246156366.34
黄金,2010/12/15,1286.19,-0.6,57418043896.01
黄金,2010/12/14,1286.79,-3.04,57683676732.37
黄金,2010/12/10,1289.83,-3.95,57024053886.22
黄金,2010/12/9,1293.78,-1.52,57864770632.29
黄金,2010/12/8,1295.3,-2.43,57693862723.43
黄金,2010/12/7,1297.73,-0.3,59242164335.36
黄金,2010/12/3,1298.03,-0.42,58570015312.92
黄金,2010/12/2,1298.45,4.56,57965334918.04
黄金,2010/12/1,1293.89,7.29,57616933543.91
黄金,2010/11/29,1286.6,1.52,56114591232.19
黄金,2010/11/22,1285.08,-4.26,56032002598.59
黄金,2010/11/19,1289.34,3.04,55638938561.25
黄金,2010/11/18,1286.3,-4.56,55828954074.18
黄金,2010/11/11,1290.86,-0.91,58033579295.37
黄金,2010/11/10,1291.77,-1.21,57742937627.77
黄金,2010/11/9,1292.98,-1.22,59065796408.55
黄金,2010/11/8,1294.2,2.43,57769641705.14
黄金,2010/11/5,1291.77,-0.42,57953777276.36
黄金,2010/11/2,1292.19,-0.91,56106892567.98
黄金,2010/10/28,1293.1,-5.17,55421997703.7
黄金,2010/10/21,1298.27,-0.91,56065080065.77
黄金,2010/10/20,1299.18,-0.91,55917102175.26
黄金,2010/10/19,1300.09,-0.91,55956955474.72
黄金,2010/10/18,1301,-0.91,57178463421.06
黄金,2010/10/15,1301.91,-2.43,57230878287.57
黄金,2010/10/14,1304.34,19.14,57579511867.65
黄金,2010/10/13,1285.2,-2.13,56414720912.38
黄金,2010/10/11,1287.33,-0.91,55929887802.16
黄金,2010/10/8,1288.24,-0.3,55557147801.58
黄金,2010/10/7,1288.54,-13.37,55715860693.72
黄金,2010/10/4,1301.91,-0.43,54977368547.01
黄金,2010/10/1,1302.34,-2.44,55094325735.52
黄金,2010/9/30,1304.78,-0.91,54809778373.11
黄金,2010/9/28,1305.69,5.17,54303562255.15
黄金,2010/9/24,1300.52,-0.91,54216438209.96
黄金,2010/9/23,1301.43,-2.74,53993537870.78
黄金,2010/9/21,1304.17,-0.3,53447833829.94
黄金,2010/9/20,1304.47,3.64,53639123768.99
黄金,2010/9/17,1300.83,6.08,53271303142.26
黄金,2010/9/15,1294.75,-3.95,52732083379.1
黄金,2010/9/14,1298.7,6.08,52830988670.99
黄金,2010/9/13,1292.62,-0.91,51680320949.32
黄金,2010/9/9,1293.53,-0.91,52186923265.19
黄金,2010/9/3,1294.44,-0.47,51623681173.25
黄金,2010/9/2,1294.91,-9.12,51957307727.36
黄金,2010/9/1,1304.03,1.52,52240097915.31
黄金,2010/8/31,1302.51,3.95,52158816986.23
黄金,2010/8/27,1298.56,0.61,51543517389.54
黄金,2010/8/24,1297.95,-1.52,50978576790.4
黄金,2010/8/19,1299.47,3.95,51521560322.76
黄金,2010/8/18,1295.52,0.92,50719768079.86
黄金,2010/8/17,1294.6,7.9,51017587850.38
黄金,2010/8/12,1286.7,0.91,50170962399.42
黄金,2010/8/11,1285.79,3.04,49825893057.04
黄金,2010/8/5,1282.75,0.92,49175169896.84
黄金,2010/8/4,1281.83,-0.45,49429218865.05
黄金,2010/7/28,1282.28,-18.55,47680813932.58
黄金,2010/7/27,1300.83,-0.91,48831439202.74
黄金,2010/7/26,1301.74,-0.31,49514944898.25
黄金,2010/7/22,1302.05,-6.08,50198490330.2
黄金,2010/7/20,1308.13,-6.08,49740213569.92
黄金,2010/7/15,1314.21,-0.61,51030639131.82
黄金,2010/7/12,1314.82,0.31,50950264337.6
黄金,2010/7/9,1314.51,-1.53,51077508133.97
黄金,2010/7/8,1316.04,-0.44,50491916422.65
黄金,2010/7/6,1316.48,-2.43,50556512272.66
黄金,2010/7/2,1318.91,-0.31,50927866746.08
黄金,2010/7/1,1319.22,-1.22,52318637302.19
黄金,2010/6/29,1320.44,4.26,52389291963.35
黄金,2010/6/24,1316.18,3.05,52297209895.49
黄金,2010/6/22,1313.13,5.17,52166875926.99
黄金,2010/6/17,1307.96,1.82,52342705964.6
黄金,2010/6/10,1306.14,7.61,51118762775.85
黄金,2010/6/8,1298.53,12.17,52011975929.26
黄金,2010/6/4,1286.36,-3.48,49768903833.04
黄金,2010/6/3,1289.84,21.3,50364091680.77
黄金,2010/6/2,1268.54,0.31,49532563137.38
黄金,2010/6/1,1268.23,0.3,50041100299.15
黄金,2010/5/27,1267.93,0.3,49348976260.01
黄金,2010/5/26,1267.63,0.31,49378423890.97
黄金,2010/5/25,1267.32,30.43,48806853742.68
黄金,2010/5/24,1236.89,16.74,47187598227.52
黄金,2010/5/19,1220.15,3.04,46865205603.48
黄金,2010/5/17,1217.11,3.05,48353691438.37
黄金,2010/5/14,1214.06,4.56,48253849630.33
黄金,2010/5/12,1209.5,17.35,48112293893.59
黄金,2010/5/10,1192.15,3.65,45851585716.6
黄金,2010/5/7,1188.5,2.71,45932303552.26
黄金,2010/5/6,1185.79,19.79,45167038958.17
黄金,2010/5/5,1166,7,43654446872.25
黄金,2010/4/29,1159,6.09,43460318860.76
黄金,2010/4/28,1152.91,6.08,43019277635.68
黄金,2010/4/27,1146.83,0.61,42368468923.17
黄金,2010/4/26,1146.22,6.09,42530692503.05
黄金,2010/4/22,1140.13,-0.91,41545924840.04
黄金,2010/4/9,1141.04,0.61,42273072250.84
黄金,2010/4/8,1140.43,9.69,42085974381.94
黄金,2010/4/7,1130.74,0.92,41497454562.65
黄金,2010/3/29,1129.82,5.17,40214730739.59
黄金,2010/3/25,1124.65,4.57,39507851878.69
黄金,2010/3/23,1120.08,4.57,39654298544.18
黄金,2010/3/10,1115.51,-0.61,40179626514.93
黄金,2010/3/5,1116.12,0.61,40724108742.87
黄金,2010/3/3,1115.51,3.95,40756568544.64
黄金,2010/3/2,1111.56,4.57,40243822809.01
黄金,2010/2/23,1106.99,-0.91,39387353807.48
黄金,2010/2/22,1107.9,0.3,39714176499.78
黄金,2010/2/19,1107.6,-1.82,39615531568.87
黄金,2010/2/16,1109.42,3.04,39771403560.46
黄金,2010/2/5,1106.38,1.83,37630344183.06
黄金,2010/2/4,1104.55,-5.79,38465261690.19
黄金,2010/2/3,1110.34,-1.58,39809648342.42
黄金,2010/1/19,1111.92,-0.92,40494322063.98
黄金,2010/1/15,1112.84,-0.91,40350502616.23
黄金,2010/1/14,1113.75,-2.13,40751134811.35
黄金,2010/1/12,1115.88,-3.66,41296490731.86
黄金,2010/1/8,1119.54,-3.96,40551788106.31
黄金,2010/1/7,1123.5,-0.37,40822186753.92
黄金,2010/1/6,1123.87,-4.88,40813600746.24
黄金,2010/1/4,1128.75,-4.87,40683190567.2
黄金,2009/12/29,1133.62,0.91,40296738289.53
黄金,2009/12/21,1132.71,6.1,40249524731.75
黄金,2009/12/18,1126.61,6.1,39997931907.33
黄金,2009/12/16,1120.51,3.96,40971157926.36
黄金,2009/12/14,1116.55,0.3,40333513788.32
黄金,2009/12/8,1116.25,-13.72,41150594347.54
黄金,2009/12/4,1129.97,-1.52,43238599590.44
黄金,2009/12/3,1131.49,0.28,43970413003.97
黄金,2009/12/2,1131.21,0.61,44083583453.79
黄金,2009/12/1,1130.6,0.61,43333294332.02
黄金,2009/11/30,1129.99,2.13,42701854984.1
黄金,2009/11/25,1127.86,5.49,42768551224.69
黄金,2009/11/24,1122.37,0.91,41965433451.74
黄金,2009/11/23,1121.46,3.97,42157031716.92
黄金,2009/11/18,1117.49,3.66,41273705188.14
黄金,2009/11/13,1113.83,-0.61,39529246475.82
黄金,2009/11/9,1114.44,6.1,39651169705.3
黄金,2009/11/5,1108.34,-0.06,38803347686.17
黄金,2009/11/3,1108.4,4.88,37795708844.81
黄金,2009/10/30,1103.52,-0.91,36885823215.92
黄金,2009/10/28,1104.43,-1.22,36624279806.81
黄金,2009/10/27,1105.65,-1.22,36834002888.65
黄金,2009/10/26,1106.87,-1.22,37497837039.61
黄金,2009/10/21,1108.09,-1.22,37532338859.75
黄金,2009/10/7,1109.31,8.8,37097948206.9
黄金,2009/10/6,1100.51,2.44,36739188810.84
黄金,2009/10/5,1098.07,1.52,35484220960.63
黄金,2009/10/2,1096.55,1.22,35365563181.73
黄金,2009/9/30,1095.33,1.22,35054043342.43
黄金,2009/9/24,1094.11,-7.62,35509741472.45
黄金,2009/9/21,1101.73,15.25,35306917295.02
黄金,2009/9/16,1086.48,7.63,35474798576.48
黄金,2009/9/14,1078.85,1.22,34654121310.14
黄金,2009/9/4,1077.63,-0.38,34263569356.76
黄金,2009/9/3,1078.01,14.65,34055991095.23
黄金,2009/9/2,1063.36,1.53,32969475112.08
黄金,2009/8/25,1061.83,-4.58,32438517825.79
黄金,2009/8/21,1066.41,0.92,32648421701.4
黄金,2009/8/11,1065.49,-3.06,32289931055.51
黄金,2009/8/10,1068.55,-0.35,32460105599.5
黄金,2009/8/7,1068.9,-3.97,32839208835.51
黄金,2009/7/29,1072.87,-10.38,32102070200.72
黄金,2009/7/28,1083.25,-3.36,32874584044.23
黄金,2009/7/22,1086.61,-5.8,33118459908.27
黄金,2009/7/21,1092.41,-2.13,33278118994.24
黄金,2009/7/17,1094.54,-0.31,32983993942.78
黄金,2009/7/16,1094.85,0.31,32905557449.43
黄金,2009/7/14,1094.54,-15.27,32536396700.31
黄金,2009/7/8,1109.81,-10.38,32751602392.86
黄金,2009/7/6,1120.19,-0.36,33292855468.17
黄金,2009/6/30,1120.55,-5.19,33655237536.65
黄金,2009/6/25,1125.74,-5.5,33912613422.48
黄金,2009/6/22,1131.24,-0.91,33424709925.83
黄金,2009/6/5,1132.15,-0.35,35014265172.88
黄金,2009/6/3,1132.5,-1.53,35552099588.36
黄金,2009/6/1,1134.03,15.27,35783147721.62
黄金,2009/5/22,1118.76,13.14,34513504064.72
黄金,2009/5/13,1105.62,1.53,32840602943.8
黄金,2009/5/6,1104.09,-0.36,32300735860.45
黄金,2009/4/23,1104.45,-1.53,31861407518.3
黄金,2009/4/17,1105.98,-13.45,30947487561.03
黄金,2009/4/16,1119.43,-8.25,31684102516.71
黄金,2009/4/9,1127.68,0.31,31920165599.57
黄金,2009/4/3,1127.37,-0.07,32801656186.82
黄金,2009/3/27,1127.44,2.45,33484029768.06
黄金,2009/3/24,1124.99,10.7,33403440286.06
黄金,2009/3/23,1114.29,-0.31,33999575915.17
黄金,2009/3/20,1114.6,11.31,34180246787.51
黄金,2009/3/19,1103.29,18.96,33922337149.78
黄金,2009/3/18,1084.33,15.28,31134733165.77
黄金,2009/3/16,1069.05,12.23,31598639021.1
黄金,2009/3/13,1056.82,15.29,31526942558.2
黄金,2009/3/12,1041.53,3.36,30979076994.93
黄金,2009/3/11,1038.17,9.18,30019879746.68
黄金,2009/3/6,1028.99,-0.3,30963810802.33
黄金,2009/2/26,1029.29,0.31,30983063364.1
黄金,2009/2/19,1028.98,4.89,32431982827.7
黄金,2009/2/18,1024.09,15.29,31734811786.52
黄金,2009/2/17,1008.8,22.94,31390952883.33
黄金,2009/2/13,985.86,15.29,29648270477.8
黄金,2009/2/12,970.57,35.48,29430478583.54
黄金,2009/2/11,935.09,40.37,28197020005.48
黄金,2009/2/10,894.72,12.85,26167139271.04
黄金,2009/2/9,881.87,14.68,25373481387.18
黄金,2009/2/5,867.19,7.7,25649165928.21
黄金,2009/2/4,859.49,6.12,24999710972.35
黄金,2009/2/2,853.37,9.78,25185795934.21
黄金,2009/1/29,843.59,10.71,24192739552.59
黄金,2009/1/26,832.88,0.31,24368404326.08
黄金,2009/1/23,832.57,13.46,23436733029.2
黄金,2009/1/22,819.11,13.15,22643219669.53
黄金,2009/1/21,805.96,3.06,22001192702.36
黄金,2009/1/20,802.9,7.65,22021161501.95
黄金,2009/1/15,795.25,4.59,20706705427.72
黄金,2009/1/14,790.66,3.06,20879760703.9
黄金,2009/1/8,787.6,-0.28,21667636802.38
黄金,2009/1/6,787.88,7.65,21478127049.66
黄金,2008/12/29,780.23,4.9,22074146600.14
黄金,2008/12/17,775.33,6.12,21682842615.34
黄金,2008/12/16,769.21,3.98,20726669374.05
黄金,2008/12/15,765.23,3.06,20318287577.99
黄金,2008/12/11,762.17,4.28,20280785005.7
黄金,2008/12/4,757.89,-0.23,18840208740.98
黄金,2008/11/26,758.12,3.06,19798596933.69
黄金,2008/11/21,755.06,3.06,18797216399.73
黄金,2008/11/19,752,3.06,18419173216.77
黄金,2008/11/12,748.94,-0.27,17448601476.68
黄金,2008/10/27,749.21,2.15,17590229707.69
黄金,2008/10/23,747.06,-8.58,17288446688.33
黄金,2008/10/21,755.64,-0.61,18750623022.66
黄金,2008/10/20,756.25,-0.61,19325255914.22
黄金,2008/10/16,756.86,-10.72,19524253689.24
黄金,2008/10/14,767.58,-3.06,20541601502.65
黄金,2008/10/10,770.64,4.9,22309343698.46
黄金,2008/10/9,765.74,1.84,21749185183.44
黄金,2008/10/8,763.9,18.68,22188431099.8
黄金,2008/10/7,745.22,0.68,21005047605.24
黄金,2008/10/6,744.54,4.59,20949455038.7
黄金,2008/10/3,739.95,-15.31,19690765922.29
黄金,2008/9/30,755.26,3.06,21471084165.33
黄金,2008/9/29,752.2,27.57,21879987052.3
黄金,2008/9/26,724.63,0.92,21008667766.59
黄金,2008/9/25,723.71,-1.23,20668128165.31
黄金,2008/9/23,724.94,15.32,20948314161.84
黄金,2008/9/22,709.62,30.02,20277693011.68
黄金,2008/9/19,679.6,24.5,18983285856.16
黄金,2008/9/18,655.1,4.29,18172415002.35
黄金,2008/9/17,650.81,36.46,17007409542.69
黄金,2008/9/10,614.35,-16.85,15319939916.88
黄金,2008/9/9,631.2,-10.73,15862123168.13
黄金,2008/9/8,641.93,-0.25,16673564833.37
黄金,2008/9/3,642.18,-9.19,16581568016.62
黄金,2008/8/19,651.37,-7.66,16512950532.03
黄金,2008/8/8,659.03,-0.28,18060069589.66
黄金,2008/8/5,659.31,-15.32,18685995032.47
黄金,2008/8/4,674.63,0.61,19635900501.71
黄金,2008/8/1,674.02,0.62,19764972469.64
黄金,2008/7/23,673.4,-16.86,20052054860.51
黄金,2008/7/22,690.26,-15.33,21331237569.63
黄金,2008/7/21,705.59,3.06,21782607998.42
黄金,2008/7/17,702.53,0.62,21801826770.68
黄金,2008/7/14,701.91,-3.99,21839936320.24
黄金,2008/7/11,705.9,45.99,21845541783.34
黄金,2008/7/10,659.91,0.92,19929004433.83
黄金,2008/7/7,658.99,0.61,19419860907.2
黄金,2008/7/3,658.38,-0.19,19767787102.67
黄金,2008/7/2,658.57,14.41,19794470782.58
黄金,2008/6/27,644.16,15.95,19036015495.36
黄金,2008/6/23,628.21,12.26,17787833663.79
黄金,2008/6/20,615.95,1.54,17965788284.84
黄金,2008/6/19,614.41,3.06,17832355980.4
黄金,2008/6/18,611.35,-6.13,17438862767.39
黄金,2008/6/17,617.48,12.27,17494941150.15
黄金,2008/6/12,605.21,7.66,16773661639.97
黄金,2008/6/6,597.55,-0.18,17104968225.36
黄金,2008/5/29,597.73,6.13,16962325009.97
黄金,2008/5/22,591.6,7.67,17545573588.39
黄金,2008/5/14,583.93,-6.44,16263516989.97
黄金,2008/5/8,590.37,-0.2,16643380056.97
黄金,2008/5/7,590.57,6.13,16477421407.5
黄金,2008/5/6,584.44,3.99,16527102869.03
黄金,2008/4/29,580.45,-10.74,16415490442.39
黄金,2008/4/24,591.19,-20.56,17014859005.26
黄金,2008/4/23,611.75,-11.66,17665954763.37
黄金,2008/4/22,623.41,-18.41,18393825682.51
黄金,2008/4/9,641.82,-0.22,18919300619.15
黄金,2008/3/27,642.04,7.98,19536107925.35
黄金,2008/3/24,634.06,-3.07,18865722987.51
黄金,2008/3/20,637.13,-11.66,18957913440.4
黄金,2008/3/19,648.79,-15.04,19988449354.11
黄金,2008/3/17,663.83,10.43,21578276397.15
黄金,2008/3/14,653.4,0.92,21076820166.46
黄金,2008/3/11,652.48,-2.45,20345035370.38
黄金,2008/3/10,654.93,7.37,20406059711.18
黄金,2008/3/6,647.56,-0.17,20328286111.38
黄金,2008/3/3,647.73,8.29,20578857781.77
黄金,2008/2/25,639.44,8.29,19273573125.46
黄金,2008/2/4,631.15,-0.21,18135061021.47
黄金,2008/2/1,631.36,-0.62,18561943349.76
黄金,2008/1/31,631.98,1.23,18752920576.36
黄金,2008/1/24,630.75,0.31,18433977529.16
黄金,2008/1/23,630.44,7.68,17999545761.15
黄金,2008/1/18,622.76,-7.07,17656078039.68
黄金,2008/1/17,629.83,-1.22,17983173588.67
黄金,2008/1/16,631.05,-21.51,18048893720.95
黄金,2008/1/14,652.56,10.75,18921420967.59
黄金,2008/1/10,641.81,2.46,18244169955.43
黄金,2008/1/7,639.35,9.63,17661004030.81
黄金,2008/1/4,629.72,1.84,17303950414.58
黄金,2007/12/26,627.88,10.45,16351588359.18
黄金,2007/12/17,617.43,1.53,15693945733.25
黄金,2007/12/12,615.9,1.23,16116134502.96
黄金,2007/12/10,614.67,12.3,15995388308.37
黄金,2007/12/6,602.37,0.92,15521221251.97
黄金,2007/12/4,601.45,-0.2,15420452900.6
黄金,2007/11/30,601.65,-7.68,15150310043.28
黄金,2007/11/27,609.33,18.13,15878204581.09
黄金,2007/11/26,591.2,2.46,15771608835.75
黄金,2007/11/13,588.74,-10.76,15220748701.58
黄金,2007/11/8,599.5,2.15,16210064579.2
黄金,2007/11/6,597.35,-0.18,15795009279.27
黄金,2007/10/25,597.53,3.08,14740402582.91
黄金,2007/10/16,594.45,1.23,14460516764.88
黄金,2007/10/12,593.22,1.54,14292946554.83
黄金,2007/10/11,591.68,6.15,14246543617.09
黄金,2007/10/9,585.53,7.68,13854026519.16
黄金,2007/10/3,577.85,-0.18,13566191513.48
黄金,2007/9/24,578.03,0.93,13562894901.92
黄金,2007/9/19,577.1,1.53,13451998663.44
黄金,2007/9/18,575.57,7.69,13223840914.58
黄金,2007/9/17,567.88,0.93,13124884627.08
黄金,2007/9/11,566.95,8.3,12833721992.36
黄金,2007/9/10,558.65,9.23,12634171476.38
黄金,2007/9/7,549.42,7.07,12381703677.2
黄金,2007/9/6,542.35,13.99,11998321832.56
黄金,2007/9/5,528.36,12.92,11551190803.17
黄金,2007/8/24,515.44,1.23,10948594408.56
黄金,2007/8/20,514.21,7.07,10900607667.13
黄金,2007/8/16,507.14,-3.07,10795878124
黄金,2007/8/14,510.21,0.92,10961689515.77
黄金,2007/8/8,509.29,-0.31,11059649264.77
黄金,2007/8/6,509.6,3.08,11001036788.33
黄金,2007/8/2,506.52,-0.17,10849587262.54
黄金,2007/8/1,506.69,10.16,10841560873.04
黄金,2007/7/26,496.53,-0.62,10692745197.97
黄金,2007/7/19,497.15,7.69,10778763733.04
黄金,2007/7/18,489.46,1.54,10490068154.65
黄金,2007/7/16,487.92,3.08,10445544400.35
黄金,2007/7/12,484.84,3.69,10399582276.58
黄金,2007/7/9,481.15,7.7,10227869017.71
黄金,2007/7/6,473.45,9.23,9874328038.52
黄金,2007/7/5,464.22,-0.15,9715408299.32
黄金,2007/6/28,464.37,0.92,9660167479.12
黄金,2007/6/26,463.45,-11.08,9637435029.45
黄金,2007/6/18,474.53,1.54,10006147381.71
黄金,2007/6/12,472.99,3.08,9841271033.59
黄金,2007/6/8,469.91,-7.7,9898497217.94
黄金,2007/6/7,477.61,-0.16,10268072637.41
黄金,2007/6/1,477.77,9.55,10234186352.53
黄金,2007/5/31,468.22,4.62,9918345904.49
黄金,2007/5/30,463.6,-8.63,9724435527.99
黄金,2007/5/24,472.23,3.08,10002418925.97
黄金,2007/5/17,469.15,-8.62,9903995743.31
黄金,2007/5/16,477.77,-8.01,10255157820.47
黄金,2007/5/15,485.78,2.77,10666049591.7
黄金,2007/5/14,483.01,2.78,10405834940.67
黄金,2007/5/10,480.23,-5.55,10397512578.12
黄金,2007/5/4,485.78,-0.15,10757223171.38
黄金,2007/5/2,485.93,-7.4,10455927514.02
黄金,2007/4/24,493.33,-1.54,10915765637.5
黄金,2007/4/20,494.87,-5.85,10998068587.29
黄金,2007/4/17,500.72,6.16,11073811030.87
黄金,2007/4/5,494.56,6.16,10708379381.84
黄金,2007/4/4,488.4,3.24,10555429488.65
黄金,2007/4/3,485.16,1.23,10357500606.07
黄金,2007/3/29,483.93,4.62,10281176534.06
黄金,2007/3/22,479.31,2.47,10214549907.66
黄金,2007/3/14,476.84,-6.17,9860092235.18
黄金,2007/3/9,483.01,-4.31,10127881132.61
黄金,2007/3/8,487.32,6.16,10249814189.26
黄金,2007/3/6,481.16,-0.15,9957931885.03
黄金,2007/2/28,481.31,-6.16,10275055224.59
黄金,2007/2/23,487.47,1.54,10701931551.59
黄金,2007/2/22,485.93,6.16,10568214874.66
黄金,2007/2/21,479.77,4.01,10197442163.14
黄金,2007/2/15,475.76,8.02,10166450235.54
黄金,2007/2/13,467.74,1.54,10041229300.25
黄金,2007/2/12,466.2,4.62,9959529620.27
黄金,2007/2/9,461.58,-0.13,9860306936.67
黄金,2007/2/7,461.71,3.08,9700943848.58
黄金,2007/2/2,458.63,4.63,9517966062.83
黄金,2007/2/1,454,3.7,9633708698.1
黄金,2007/1/23,450.3,-1.54,9299843418.53
黄金,2007/1/17,451.84,3.08,9086787345.51
黄金,2007/1/12,448.76,-4.32,8940850256.63
黄金,2007/1/8,453.08,-0.16,8877959285.15
黄金,2006/12/28,453.24,1.23,9206932294.97
黄金,2006/12/20,452.01,3.09,8997366420.68
黄金,2006/12/13,448.92,2.77,9005197317.63
黄金,2006/12/12,446.15,4.63,9006969192.6
黄金,2006/12/7,441.52,-0.16,8910479718.61
黄金,2006/11/30,441.68,6.18,9180261687.43
黄金,2006/11/29,435.5,10.18,8923237754.95
黄金,2006/11/27,425.32,1.85,8731828153.76
黄金,2006/11/24,423.47,4.63,8704305905.62
黄金,2006/11/22,418.84,3.08,8505639895.7
黄金,2006/11/15,415.76,3.09,8255793389.07
黄金,2006/11/14,412.67,3.08,8317320066.04
黄金,2006/11/8,409.59,5.56,8205613703.54
黄金,2006/11/6,404.03,1.11,8132157928.39
黄金,2006/11/3,402.92,3.09,8064176961.86
黄金,2006/11/2,399.83,3.09,7976760251.98
黄金,2006/11/1,396.74,8.02,7830424689.18
黄金,2006/10/24,388.72,-1.54,7191480974.17
黄金,2006/10/11,390.26,0.92,7202270900.63
黄金,2006/10/4,389.34,2.96,7179465228.97
黄金,2006/9/22,386.38,-2.47,7314803879.45
黄金,2006/9/20,388.85,-1.85,7252349388
黄金,2006/9/19,390.7,-3.09,7327816485.04
黄金,2006/9/13,393.79,3.09,7455859295.28
黄金,2006/9/12,390.7,-1.24,7418817541.42
黄金,2006/9/7,391.94,-0.13,7830808258.05
黄金,2006/8/30,392.07,1.55,7784164753.79
黄金,2006/8/23,390.52,1.54,7884043012.45
黄金,2006/8/11,388.98,1.24,8058985037.01
黄金,2006/8/3,387.74,2.96,8032843078.78
黄金,2006/7/27,384.78,-2.78,7902639617.1
黄金,2006/7/13,387.56,3.09,8091823598.65
黄金,2006/7/11,384.47,0.93,7795701388.19
黄金,2006/7/10,383.54,7.41,7718413170.44
黄金,2006/7/6,376.13,1.13,7569478796.02
黄金,2006/7/5,375,3.09,7508512267.79
黄金,2006/6/30,371.91,6.18,7333422713.55
黄金,2006/6/20,365.73,1.85,6665484719.7
黄金,2006/6/19,363.88,2.17,6678546966.54
黄金,2006/6/15,361.71,3.09,6621675531.4
黄金,2006/6/14,358.62,3.09,6544974392.47
黄金,2006/6/5,355.53,4.02,7335677877.67
黄金,2006/6/2,351.51,-0.12,7145060015.86
黄金,2006/6/1,351.63,4.32,7063174094.99
黄金,2006/5/31,347.31,3.09,7288936192.96
黄金,2006/5/30,344.22,0.93,7307110894.32
黄金,2006/5/24,343.29,1.86,7155438845.83
黄金,2006/5/19,341.43,-3.09,7150086368.72
黄金,2006/5/18,344.52,-1.86,7680156733.98
黄金,2006/5/17,346.38,-3.09,7788425393.14
黄金,2006/5/15,349.47,-4.33,7723305770.1
黄金,2006/5/5,353.8,-3.09,7711802350.15
黄金,2006/5/4,356.89,-1.55,7727663316.12
黄金,2006/5/3,358.44,-0.1,7762382865.72
黄金,2006/4/24,358.54,3.09,7174063791.75
黄金,2006/4/13,355.45,4.64,6775880543.76
黄金,2006/4/4,350.81,-0.11,6631687412.66
黄金,2006/4/3,350.92,3.1,6620477389.3
黄金,2006/3/24,347.82,-3.1,6224514978.62
黄金,2006/3/23,350.92,-0.01,6164317844.42
黄金,2006/3/10,350.93,0.02,6035460972.33
黄金,2006/3/6,350.91,7.74,6377012880.93
黄金,2006/3/1,343.17,0.18,6225734308.05
黄金,2006/2/3,342.99,3.1,6274242500.21
黄金,2006/2/2,339.89,6.19,6252106565.17
黄金,2006/2/1,333.7,-0.1,6096449840.71
黄金,2006/1/30,333.8,4.96,6061704847.16
黄金,2006/1/27,328.84,16.71,5937569793.05
黄金,2006/1/25,312.13,18.58,5635782409.2
黄金,2006/1/24,293.55,3.09,5257906294.07
黄金,2006/1/23,290.46,1.24,5176819388.43
黄金,2006/1/19,289.22,3.1,5157297927.22
黄金,2006/1/17,286.12,0.93,5088392776.96
黄金,2006/1/9,285.19,3.09,4964575755.12
黄金,2006/1/5,282.1,18.89,4758967391.12
黄金,2006/1/4,263.21,-0.07,4480555162.69
黄金,2005/12/30,263.28,7.74,4341125179.91
黄金,2005/12/29,255.54,1.55,4213491208.39
黄金,2005/12/28,253.99,6.19,4228831563.44
黄金,2005/12/27,247.8,6.19,4011009198.88
黄金,2005/12/21,241.61,3.1,3797579168.87
黄金,2005/12/19,238.51,3.1,3900425605.5
黄金,2005/12/16,235.41,3.09,3836651625.1
黄金,2005/12/8,232.32,3.1,3851491895.52
黄金,2005/12/1,229.22,-0.06,3682879494.8
黄金,2005/11/29,229.28,3.09,3655315749.94
黄金,2005/11/23,226.19,4.96,3545070390.13
黄金,2005/11/18,221.23,3.1,3455113035.57
黄金,2005/11/17,218.13,3.09,3408863392.86
黄金,2005/11/14,215.04,3.72,3231611773.75
黄金,2005/11/1,211.32,3.03,3121829332.65
黄金,2005/10/28,208.29,0.93,3151531523.77
黄金,2005/10/3,207.36,-0.08,3107318007.04
黄金,2005/9/22,207.44,3.1,3108693536.02
黄金,2005/9/16,204.34,3.1,3002971032.22
黄金,2005/9/9,201.24,3.1,2899720071.42
黄金,2005/9/8,198.14,3.73,2856982616.39
黄金,2005/9/1,194.41,-0.07,2747600552.04
黄金,2005/8/31,194.48,3.1,2707926256.63
黄金,2005/8/2,191.38,3.72,2651751827.87
黄金,2005/8/1,187.66,-0.06,2604128191.46
黄金,2005/7/26,187.72,3.11,2553601793.84
黄金,2005/7/21,184.61,3.1,2517467129.92
黄金,2005/7/13,181.51,3.1,2476830922.31
黄金,2005/7/7,178.41,3.1,2438667332.96
黄金,2005/7/1,175.31,-0.06,2438122921.71
黄金,2005/6/27,175.37,-0.62,2476008016.76
黄金,2005/6/23,175.99,-3.11,2484033044.2
黄金,2005/6/1,179.1,-0.05,2391394348.99
黄金,2005/5/31,179.15,1.55,2386236462.52
黄金,2005/5/23,177.6,-1.24,2386038454.42
黄金,2005/5/3,178.84,-0.06,2460181563.43
黄金,2005/4/26,178.9,1.24,2512713825.35
黄金,2005/4/13,177.66,4.66,2441352102.51
黄金,2005/4/8,173,3.11,2364667972.49
黄金,2005/4/7,169.89,3.1,2337533970.79
黄金,2005/4/6,166.79,-0.31,2282760083.69
黄金,2005/4/5,167.1,3.11,2280857893.22
黄金,2005/4/1,163.99,-0.06,2252006029.73
黄金,2005/3/4,164.05,3.11,2285939246.38
黄金,2005/3/3,160.94,3.1,2225852379.71
黄金,2005/3/1,157.84,-0.04,2199422705.07
黄金,2005/2/23,157.88,-1.87,2195252847.86
黄金,2005/2/22,159.75,4.66,2222489377.51
黄金,2005/2/8,155.09,3.11,2049504919.39
黄金,2005/2/1,151.98,-0.05,2056473996.17
黄金,2005/1/25,152.03,3.11,2074229323.2
黄金,2005/1/24,148.92,6.21,2045479733.12
黄金,2005/1/12,142.71,3.11,1956888209.71
黄金,2005/1/11,139.6,16.48,1890712131.56
黄金,2005/1/7,123.12,10.88,1670970198.67
黄金,2005/1/6,112.24,3.1,1531058990.59
黄金,2005/1/4,109.14,-0.02,1500610088.45
黄金,2005/1/3,109.16,14.3,1536598756.84
黄金,2004/12/30,94.86,3.11,1327960347.57
黄金,2004/12/22,91.75,3.11,1300463528.86
黄金,2004/12/17,88.64,-2.49,1250464182.36
黄金,2004/12/8,91.13,3.11,1279831486.6
黄金,2004/12/7,88.02,-15.54,1278328839.45
黄金,2004/12/2,103.56,-0.01,1512255390.24
黄金,2004/11/29,103.57,3.11,1502482070.5
黄金,2004/11/26,100.46,4.04,1456602906.16
黄金,2004/11/24,96.42,9.33,1390568824.08
黄金,2004/11/22,87.09,29.24,1253785205.5
黄金,2004/11/19,57.85,49.76,828806907.2
